order_id,order_date,country,country_code,region,city,product_category,product,quantity,unit_price,revenue,channel,customer_type
ORD-1001,2022-07-18,Togo,TG,Nord,Lome,Education,School Kit,4,79,316,Partner,NGO
ORD-1002,2023-05-15,Nigeria,NG,Nord,Lagos,SaaS,Dashboard Pack,1,49,49,Online,Startup
ORD-1003,2021-02-24,Benin,BJ,Centre,Cotonou,SaaS,Dashboard Pack,9,79,711,Reseller,Startup
ORD-1004,2021-01-14,Senegal,SN,Centre,Dakar,Services,Training Bootcamp,3,249,747,Reseller,SME
ORD-1005,2022-11-21,Ghana,GH,Sud,Accra,SaaS,Analytics Subscription,2,49,98,Reseller,NGO
ORD-1006,2022-06-26,Ghana,GH,Est,Accra,SaaS,Dashboard Pack,1,249,249,Reseller,NGO
ORD-1007,2022-08-24,Senegal,SN,Nord,Dakar,SaaS,Dashboard Pack,11,199,2189,Direct,Startup
ORD-1008,2022-04-12,Togo,TG,Nord,Lome,Education,School Kit,5,49,245,Partner,NGO
ORD-1009,2024-07-25,Senegal,SN,Est,Dakar,Services,Data Audit,6,79,474,Direct,SME
ORD-1010,2024-10-31,Benin,BJ,Est,Cotonou,Education,School Kit,11,49,539,Partner,Startup
ORD-1011,2022-07-07,Benin,BJ,Ouest,Cotonou,Services,Data Audit,11,249,2739,Partner,SME
ORD-1012,2022-10-09,Togo,TG,Sud,Lome,Education,Learning Platform,7,99,693,Online,Startup
ORD-1013,2024-09-04,Nigeria,NG,Est,Lagos,SaaS,Analytics Subscription,8,149,1192,Reseller,Startup
ORD-1014,2024-02-24,Ghana,GH,Sud,Accra,SaaS,Analytics Subscription,9,99,891,Reseller,School
ORD-1015,2023-11-10,Ghana,GH,Sud,Accra,SaaS,Analytics Subscription,8,49,392,Online,NGO
ORD-1016,2023-05-15,Benin,BJ,Sud,Cotonou,Education,School Kit,10,49,490,Reseller,School
ORD-1017,2022-05-30,Nigeria,NG,Ouest,Lagos,SaaS,Dashboard Pack,9,49,441,Online,SME
ORD-1018,2023-06-10,Ghana,GH,Nord,Accra,Services,Training Bootcamp,3,149,447,Online,SME
ORD-1019,2021-08-06,Nigeria,NG,Sud,Lagos,SaaS,Dashboard Pack,11,99,1089,Partner,Startup
ORD-1020,2023-12-23,Ghana,GH,Sud,Accra,SaaS,Dashboard Pack,1,199,199,Direct,School
ORD-1021,2022-09-22,Togo,TG,Nord,Lome,Services,Training Bootcamp,4,49,196,Partner,NGO
ORD-1022,2023-12-27,Togo,TG,Ouest,Lome,Education,Learning Platform,3,79,237,Reseller,Startup
ORD-1023,2023-05-17,Ghana,GH,Centre,Accra,SaaS,Dashboard Pack,4,199,796,Partner,SME
ORD-1024,2023-11-26,Senegal,SN,Est,Dakar,Services,Data Audit,8,49,392,Partner,Startup
ORD-1025,2024-04-19,Togo,TG,Est,Lome,Education,Learning Platform,9,79,711,Partner,NGO
ORD-1026,2021-05-19,Togo,TG,Nord,Lome,SaaS,Analytics Subscription,1,99,99,Online,Startup
ORD-1027,2024-01-10,Ghana,GH,Ouest,Accra,SaaS,Analytics Subscription,3,249,747,Reseller,Startup
ORD-1028,2021-07-13,Senegal,SN,Ouest,Dakar,SaaS,Analytics Subscription,2,249,498,Reseller,SME
ORD-1029,2021-04-21,Senegal,SN,Ouest,Dakar,Services,Data Audit,11,249,2739,Online,NGO
ORD-1030,2022-05-25,Senegal,SN,Est,Dakar,Education,Learning Platform,4,79,316,Reseller,Startup
ORD-1031,2023-08-06,Senegal,SN,Sud,Dakar,Services,Training Bootcamp,4,49,196,Reseller,NGO
ORD-1032,2021-07-11,Togo,TG,Centre,Lome,Education,Learning Platform,4,79,316,Reseller,School
ORD-1033,2021-05-01,Senegal,SN,Sud,Dakar,Services,Data Audit,3,149,447,Online,School
ORD-1034,2023-05-17,Ghana,GH,Ouest,Accra,Services,Training Bootcamp,12,249,2988,Reseller,Startup
ORD-1035,2021-04-30,Benin,BJ,Est,Cotonou,SaaS,Analytics Subscription,10,249,2490,Online,SME
ORD-1036,2023-09-04,Togo,TG,Nord,Lome,SaaS,Dashboard Pack,9,199,1791,Partner,NGO
ORD-1037,2021-05-21,Nigeria,NG,Nord,Lagos,SaaS,Analytics Subscription,10,49,490,Partner,School
ORD-1038,2024-03-31,Togo,TG,Centre,Lome,SaaS,Analytics Subscription,10,49,490,Online,School
ORD-1039,2022-10-10,Nigeria,NG,Centre,Lagos,SaaS,Dashboard Pack,5,79,395,Direct,Startup
ORD-1040,2024-10-07,Ghana,GH,Ouest,Accra,SaaS,Analytics Subscription,11,99,1089,Reseller,SME
ORD-1041,2024-06-26,Togo,TG,Nord,Lome,Services,Data Audit,10,49,490,Online,Startup
ORD-1042,2022-12-16,Nigeria,NG,Est,Lagos,SaaS,Analytics Subscription,2,79,158,Direct,SME
ORD-1043,2024-12-11,Benin,BJ,Ouest,Cotonou,SaaS,Dashboard Pack,5,199,995,Online,SME
ORD-1044,2021-08-25,Togo,TG,Sud,Lome,Services,Training Bootcamp,2,249,498,Partner,SME
ORD-1045,2022-12-04,Ghana,GH,Centre,Accra,SaaS,Analytics Subscription,4,249,996,Direct,School
ORD-1046,2024-07-23,Ghana,GH,Nord,Accra,Education,Learning Platform,7,99,693,Online,NGO
ORD-1047,2022-06-21,Ghana,GH,Sud,Accra,Education,School Kit,3,249,747,Reseller,School
ORD-1048,2021-06-04,Nigeria,NG,Nord,Lagos,Education,Learning Platform,12,79,948,Online,SME
ORD-1049,2023-05-31,Nigeria,NG,Centre,Lagos,SaaS,Analytics Subscription,3,49,147,Direct,SME
ORD-1050,2024-10-28,Togo,TG,Est,Lome,SaaS,Analytics Subscription,4,249,996,Online,SME
ORD-1051,2021-11-13,Nigeria,NG,Ouest,Lagos,SaaS,Dashboard Pack,4,79,316,Partner,School
ORD-1052,2022-11-12,Togo,TG,Sud,Lome,Education,School Kit,7,249,1743,Partner,SME
ORD-1053,2021-03-21,Benin,BJ,Nord,Cotonou,Services,Data Audit,8,79,632,Partner,School
ORD-1054,2022-04-02,Ghana,GH,Est,Accra,SaaS,Analytics Subscription,1,249,249,Partner,School
ORD-1055,2022-07-26,Ghana,GH,Est,Accra,Education,Learning Platform,6,249,1494,Reseller,SME
ORD-1056,2022-01-01,Togo,TG,Nord,Lome,Services,Training Bootcamp,10,99,990,Online,NGO
ORD-1057,2022-10-05,Nigeria,NG,Ouest,Lagos,Services,Training Bootcamp,7,199,1393,Online,School
ORD-1058,2021-04-01,Nigeria,NG,Sud,Lagos,Services,Training Bootcamp,12,149,1788,Online,Startup
ORD-1059,2024-09-22,Ghana,GH,Ouest,Accra,Education,Learning Platform,6,199,1194,Direct,NGO
ORD-1060,2024-09-27,Ghana,GH,Centre,Accra,Services,Training Bootcamp,7,99,693,Reseller,SME
ORD-1061,2023-05-12,Nigeria,NG,Sud,Lagos,SaaS,Analytics Subscription,11,149,1639,Partner,SME
ORD-1062,2022-09-15,Senegal,SN,Centre,Dakar,Education,Learning Platform,5,79,395,Reseller,SME
ORD-1063,2024-10-15,Senegal,SN,Ouest,Dakar,Services,Data Audit,4,199,796,Reseller,Startup
ORD-1064,2024-09-21,Togo,TG,Est,Lome,SaaS,Dashboard Pack,11,199,2189,Direct,NGO
ORD-1065,2022-02-12,Benin,BJ,Est,Cotonou,SaaS,Analytics Subscription,3,49,147,Online,Startup
ORD-1066,2023-07-22,Senegal,SN,Centre,Dakar,Education,Learning Platform,7,249,1743,Partner,School
ORD-1067,2021-10-30,Senegal,SN,Ouest,Dakar,SaaS,Analytics Subscription,11,249,2739,Online,NGO
ORD-1068,2024-11-26,Senegal,SN,Sud,Dakar,SaaS,Analytics Subscription,9,149,1341,Online,Startup
ORD-1069,2023-08-10,Togo,TG,Ouest,Lome,SaaS,Analytics Subscription,11,199,2189,Direct,School
ORD-1070,2024-01-28,Nigeria,NG,Centre,Lagos,Services,Data Audit,8,79,632,Reseller,School
ORD-1071,2022-07-22,Ghana,GH,Sud,Accra,Education,School Kit,9,149,1341,Partner,SME
ORD-1072,2022-08-09,Senegal,SN,Nord,Dakar,Education,School Kit,4,99,396,Direct,SME
ORD-1073,2021-11-05,Nigeria,NG,Nord,Lagos,SaaS,Analytics Subscription,4,149,596,Partner,Startup
ORD-1074,2022-11-09,Togo,TG,Ouest,Lome,Services,Data Audit,9,149,1341,Reseller,NGO
ORD-1075,2024-04-11,Benin,BJ,Ouest,Cotonou,Services,Data Audit,12,49,588,Reseller,School
ORD-1076,2023-03-10,Togo,TG,Est,Lome,Services,Training Bootcamp,7,199,1393,Partner,School
ORD-1077,2023-09-22,Benin,BJ,Est,Cotonou,Services,Data Audit,1,149,149,Direct,School
ORD-1078,2024-06-28,Benin,BJ,Ouest,Cotonou,SaaS,Analytics Subscription,9,49,441,Reseller,NGO
ORD-1079,2023-08-04,Togo,TG,Ouest,Lome,SaaS,Analytics Subscription,3,49,147,Direct,School
ORD-1080,2022-11-01,Ghana,GH,Sud,Accra,Services,Data Audit,6,149,894,Direct,School
ORD-1081,2021-02-09,Ghana,GH,Nord,Accra,Services,Data Audit,12,199,2388,Online,SME
ORD-1082,2021-03-24,Benin,BJ,Nord,Cotonou,Education,School Kit,1,79,79,Partner,NGO
ORD-1083,2021-09-16,Nigeria,NG,Sud,Lagos,SaaS,Analytics Subscription,8,249,1992,Online,Startup
ORD-1084,2021-12-10,Senegal,SN,Est,Dakar,Services,Training Bootcamp,10,199,1990,Online,Startup
ORD-1085,2021-02-22,Ghana,GH,Nord,Accra,SaaS,Dashboard Pack,5,199,995,Reseller,School
ORD-1086,2024-11-15,Benin,BJ,Nord,Cotonou,SaaS,Dashboard Pack,11,79,869,Online,SME
ORD-1087,2021-03-26,Nigeria,NG,Nord,Lagos,SaaS,Dashboard Pack,6,199,1194,Reseller,SME
ORD-1088,2022-11-30,Togo,TG,Centre,Lome,Education,School Kit,1,149,149,Reseller,NGO
ORD-1089,2023-07-31,Senegal,SN,Est,Dakar,Education,School Kit,12,79,948,Reseller,Startup
ORD-1090,2024-01-08,Nigeria,NG,Est,Lagos,SaaS,Dashboard Pack,8,149,1192,Reseller,SME
ORD-1091,2022-07-26,Ghana,GH,Sud,Accra,Education,Learning Platform,8,79,632,Reseller,School
ORD-1092,2022-10-28,Ghana,GH,Nord,Accra,Services,Data Audit,3,149,447,Partner,SME
ORD-1093,2024-05-05,Ghana,GH,Est,Accra,Services,Training Bootcamp,12,99,1188,Online,Startup
ORD-1094,2023-04-13,Togo,TG,Sud,Lome,Education,School Kit,8,199,1592,Partner,School
ORD-1095,2021-07-10,Senegal,SN,Ouest,Dakar,Education,Learning Platform,5,79,395,Reseller,Startup
ORD-1096,2023-08-28,Ghana,GH,Centre,Accra,Services,Training Bootcamp,9,199,1791,Direct,School
ORD-1097,2024-12-10,Nigeria,NG,Est,Lagos,Services,Training Bootcamp,8,99,792,Direct,SME
ORD-1098,2022-01-30,Benin,BJ,Nord,Cotonou,Education,School Kit,6,49,294,Partner,Startup
ORD-1099,2024-04-22,Benin,BJ,Ouest,Cotonou,Services,Training Bootcamp,9,199,1791,Direct,NGO
ORD-1100,2023-01-10,Benin,BJ,Est,Cotonou,SaaS,Analytics Subscription,3,99,297,Online,Startup
ORD-1101,2024-02-08,Ghana,GH,Nord,Accra,Education,Learning Platform,5,249,1245,Partner,School
ORD-1102,2022-08-06,Togo,TG,Nord,Lome,SaaS,Dashboard Pack,8,149,1192,Reseller,SME
ORD-1103,2023-09-06,Benin,BJ,Nord,Cotonou,Services,Training Bootcamp,2,49,98,Reseller,School
ORD-1104,2024-11-06,Togo,TG,Centre,Lome,Education,School Kit,1,79,79,Partner,SME
ORD-1105,2024-02-17,Togo,TG,Sud,Lome,Education,Learning Platform,7,199,1393,Partner,School
ORD-1106,2024-04-20,Senegal,SN,Ouest,Dakar,Services,Training Bootcamp,7,99,693,Online,NGO
ORD-1107,2024-09-14,Benin,BJ,Sud,Cotonou,Services,Training Bootcamp,2,79,158,Partner,Startup
ORD-1108,2021-01-06,Nigeria,NG,Nord,Lagos,SaaS,Analytics Subscription,7,149,1043,Reseller,SME
ORD-1109,2024-12-18,Togo,TG,Sud,Lome,Services,Training Bootcamp,5,249,1245,Reseller,NGO
ORD-1110,2024-04-22,Benin,BJ,Est,Cotonou,Education,School Kit,11,79,869,Reseller,NGO
ORD-1111,2021-11-02,Nigeria,NG,Sud,Lagos,Education,School Kit,5,79,395,Online,NGO
ORD-1112,2024-03-11,Benin,BJ,Est,Cotonou,SaaS,Dashboard Pack,5,149,745,Online,School
ORD-1113,2023-10-22,Ghana,GH,Ouest,Accra,Services,Training Bootcamp,9,149,1341,Reseller,NGO
ORD-1114,2022-10-23,Nigeria,NG,Nord,Lagos,Services,Data Audit,10,99,990,Online,NGO
ORD-1115,2021-02-12,Benin,BJ,Centre,Cotonou,SaaS,Dashboard Pack,11,99,1089,Online,Startup
ORD-1116,2023-06-25,Senegal,SN,Centre,Dakar,Education,School Kit,5,79,395,Reseller,School
ORD-1117,2023-04-17,Togo,TG,Ouest,Lome,Services,Training Bootcamp,6,99,594,Online,Startup
ORD-1118,2023-10-12,Ghana,GH,Ouest,Accra,Education,School Kit,5,249,1245,Reseller,NGO
ORD-1119,2022-06-01,Senegal,SN,Nord,Dakar,Services,Training Bootcamp,6,49,294,Reseller,NGO
ORD-1120,2021-04-22,Nigeria,NG,Ouest,Lagos,Services,Data Audit,4,199,796,Direct,School
ORD-1121,2022-07-01,Senegal,SN,Nord,Dakar,SaaS,Analytics Subscription,9,79,711,Direct,School
ORD-1122,2024-07-14,Senegal,SN,Nord,Dakar,Education,Learning Platform,10,79,790,Partner,SME
ORD-1123,2023-04-16,Nigeria,NG,Nord,Lagos,SaaS,Dashboard Pack,2,79,158,Online,School
ORD-1124,2022-08-21,Togo,TG,Sud,Lome,Services,Data Audit,9,249,2241,Direct,School
ORD-1125,2023-07-25,Senegal,SN,Ouest,Dakar,SaaS,Analytics Subscription,9,79,711,Reseller,Startup
ORD-1126,2021-10-07,Nigeria,NG,Centre,Lagos,Education,School Kit,2,99,198,Reseller,SME
ORD-1127,2022-08-03,Nigeria,NG,Est,Lagos,Education,Learning Platform,12,99,1188,Reseller,Startup
ORD-1128,2022-12-08,Senegal,SN,Centre,Dakar,Services,Data Audit,6,199,1194,Reseller,School
ORD-1129,2022-05-05,Ghana,GH,Sud,Accra,Education,School Kit,10,149,1490,Partner,School
ORD-1130,2023-08-27,Togo,TG,Est,Lome,Education,School Kit,12,149,1788,Reseller,Startup
ORD-1131,2023-10-26,Senegal,SN,Nord,Dakar,SaaS,Analytics Subscription,10,99,990,Online,School
ORD-1132,2021-02-01,Togo,TG,Centre,Lome,Services,Data Audit,12,79,948,Reseller,Startup
ORD-1133,2022-11-25,Togo,TG,Ouest,Lome,Services,Training Bootcamp,10,249,2490,Reseller,NGO
ORD-1134,2022-10-11,Ghana,GH,Centre,Accra,Services,Data Audit,11,249,2739,Reseller,NGO
ORD-1135,2024-07-16,Nigeria,NG,Nord,Lagos,SaaS,Analytics Subscription,11,99,1089,Partner,NGO
ORD-1136,2024-12-12,Senegal,SN,Nord,Dakar,Education,School Kit,2,149,298,Partner,SME
ORD-1137,2021-04-25,Togo,TG,Nord,Lome,Services,Training Bootcamp,5,99,495,Direct,School
ORD-1138,2023-04-24,Benin,BJ,Sud,Cotonou,SaaS,Dashboard Pack,10,249,2490,Partner,Startup
ORD-1139,2023-02-23,Benin,BJ,Nord,Cotonou,SaaS,Dashboard Pack,10,249,2490,Partner,School
ORD-1140,2023-08-03,Nigeria,NG,Sud,Lagos,SaaS,Analytics Subscription,11,99,1089,Reseller,SME
ORD-1141,2024-10-19,Togo,TG,Ouest,Lome,Services,Training Bootcamp,9,79,711,Online,School
ORD-1142,2024-08-01,Ghana,GH,Centre,Accra,Services,Training Bootcamp,7,249,1743,Direct,School
ORD-1143,2023-09-17,Ghana,GH,Sud,Accra,Services,Data Audit,2,79,158,Reseller,SME
ORD-1144,2022-08-28,Nigeria,NG,Est,Lagos,Education,School Kit,1,249,249,Reseller,SME
ORD-1145,2021-04-11,Togo,TG,Centre,Lome,Education,School Kit,10,249,2490,Reseller,SME
ORD-1146,2022-03-25,Benin,BJ,Centre,Cotonou,Services,Training Bootcamp,11,79,869,Direct,Startup
ORD-1147,2023-06-22,Togo,TG,Nord,Lome,Services,Training Bootcamp,1,199,199,Direct,Startup
ORD-1148,2023-05-01,Togo,TG,Est,Lome,Services,Training Bootcamp,3,79,237,Partner,SME
ORD-1149,2021-12-03,Nigeria,NG,Centre,Lagos,Services,Training Bootcamp,5,149,745,Direct,SME
ORD-1150,2021-10-16,Togo,TG,Ouest,Lome,Education,Learning Platform,4,249,996,Reseller,SME
ORD-1151,2022-06-26,Togo,TG,Ouest,Lome,Education,Learning Platform,9,49,441,Reseller,SME
ORD-1152,2024-07-31,Ghana,GH,Centre,Accra,Services,Data Audit,6,49,294,Partner,School
ORD-1153,2022-11-03,Togo,TG,Centre,Lome,SaaS,Dashboard Pack,10,79,790,Online,School
ORD-1154,2021-10-14,Ghana,GH,Ouest,Accra,Education,Learning Platform,1,49,49,Direct,School
ORD-1155,2024-01-06,Togo,TG,Nord,Lome,SaaS,Analytics Subscription,3,149,447,Reseller,SME
ORD-1156,2021-11-13,Nigeria,NG,Ouest,Lagos,SaaS,Dashboard Pack,7,249,1743,Online,School
ORD-1157,2021-03-09,Nigeria,NG,Ouest,Lagos,Services,Training Bootcamp,12,99,1188,Partner,School
ORD-1158,2021-07-23,Senegal,SN,Sud,Dakar,Services,Training Bootcamp,11,99,1089,Direct,NGO
ORD-1159,2021-09-08,Senegal,SN,Est,Dakar,SaaS,Analytics Subscription,8,49,392,Partner,NGO
ORD-1160,2021-09-15,Togo,TG,Est,Lome,SaaS,Analytics Subscription,10,79,790,Online,Startup
ORD-1161,2022-11-04,Nigeria,NG,Sud,Lagos,SaaS,Analytics Subscription,3,199,597,Online,SME
ORD-1162,2022-05-29,Benin,BJ,Sud,Cotonou,SaaS,Dashboard Pack,3,49,147,Online,Startup
ORD-1163,2024-04-20,Togo,TG,Est,Lome,SaaS,Analytics Subscription,6,49,294,Partner,SME
ORD-1164,2023-05-13,Togo,TG,Sud,Lome,Education,School Kit,9,49,441,Online,School
ORD-1165,2024-04-30,Senegal,SN,Est,Dakar,SaaS,Dashboard Pack,2,149,298,Partner,NGO
ORD-1166,2024-08-10,Nigeria,NG,Est,Lagos,Services,Data Audit,1,49,49,Reseller,School
ORD-1167,2024-12-29,Senegal,SN,Nord,Dakar,Services,Data Audit,8,49,392,Online,SME
ORD-1168,2021-09-16,Nigeria,NG,Sud,Lagos,Education,Learning Platform,5,199,995,Direct,School
ORD-1169,2023-07-19,Nigeria,NG,Centre,Lagos,Services,Training Bootcamp,9,199,1791,Reseller,NGO
ORD-1170,2022-03-17,Togo,TG,Centre,Lome,Education,School Kit,7,149,1043,Partner,School
ORD-1171,2023-05-02,Ghana,GH,Ouest,Accra,Services,Data Audit,12,49,588,Direct,School
ORD-1172,2021-11-09,Ghana,GH,Est,Accra,Services,Training Bootcamp,11,149,1639,Online,NGO
ORD-1173,2021-07-17,Togo,TG,Nord,Lome,Services,Data Audit,12,249,2988,Direct,Startup
ORD-1174,2024-02-25,Nigeria,NG,Nord,Lagos,SaaS,Dashboard Pack,9,99,891,Online,School
ORD-1175,2021-04-16,Ghana,GH,Ouest,Accra,Education,School Kit,5,199,995,Direct,SME
ORD-1176,2022-03-12,Togo,TG,Centre,Lome,SaaS,Dashboard Pack,3,249,747,Reseller,Startup
ORD-1177,2023-01-23,Togo,TG,Est,Lome,SaaS,Dashboard Pack,2,99,198,Partner,School
ORD-1178,2024-10-14,Nigeria,NG,Centre,Lagos,SaaS,Dashboard Pack,11,199,2189,Online,SME
ORD-1179,2024-12-10,Togo,TG,Sud,Lome,Services,Training Bootcamp,5,99,495,Direct,NGO
ORD-1180,2024-09-08,Benin,BJ,Sud,Cotonou,SaaS,Dashboard Pack,7,49,343,Partner,NGO
ORD-1181,2023-02-10,Togo,TG,Centre,Lome,SaaS,Analytics Subscription,7,149,1043,Direct,Startup
ORD-1182,2022-10-27,Ghana,GH,Est,Accra,Education,School Kit,10,199,1990,Online,NGO
ORD-1183,2021-04-12,Benin,BJ,Sud,Cotonou,SaaS,Dashboard Pack,11,49,539,Direct,School
ORD-1184,2023-06-25,Senegal,SN,Ouest,Dakar,SaaS,Dashboard Pack,7,99,693,Partner,NGO
ORD-1185,2022-08-04,Ghana,GH,Ouest,Accra,Education,Learning Platform,11,249,2739,Reseller,SME
ORD-1186,2024-05-12,Togo,TG,Sud,Lome,Services,Data Audit,1,49,49,Partner,SME
ORD-1187,2022-08-16,Benin,BJ,Sud,Cotonou,Services,Training Bootcamp,6,49,294,Online,School
ORD-1188,2023-02-18,Senegal,SN,Sud,Dakar,SaaS,Analytics Subscription,9,249,2241,Partner,SME
ORD-1189,2021-03-28,Togo,TG,Ouest,Lome,Education,School Kit,7,49,343,Reseller,NGO
ORD-1190,2024-03-20,Ghana,GH,Centre,Accra,Services,Data Audit,7,249,1743,Reseller,SME
ORD-1191,2022-10-28,Togo,TG,Ouest,Lome,Education,Learning Platform,3,199,597,Reseller,SME
ORD-1192,2022-05-14,Togo,TG,Ouest,Lome,Education,Learning Platform,7,199,1393,Reseller,NGO
ORD-1193,2022-11-27,Senegal,SN,Est,Dakar,Education,School Kit,4,99,396,Partner,NGO
ORD-1194,2023-11-11,Nigeria,NG,Nord,Lagos,SaaS,Dashboard Pack,4,99,396,Direct,Startup
ORD-1195,2022-06-09,Benin,BJ,Nord,Cotonou,SaaS,Analytics Subscription,4,79,316,Partner,NGO
ORD-1196,2024-02-29,Benin,BJ,Ouest,Cotonou,Services,Data Audit,10,149,1490,Direct,SME
ORD-1197,2023-08-19,Benin,BJ,Ouest,Cotonou,Education,Learning Platform,8,249,1992,Direct,SME
ORD-1198,2023-11-06,Nigeria,NG,Nord,Lagos,Services,Training Bootcamp,2,99,198,Reseller,School
ORD-1199,2022-08-11,Togo,TG,Nord,Lome,Services,Training Bootcamp,2,249,498,Online,School
ORD-1200,2021-03-26,Senegal,SN,Centre,Dakar,SaaS,Dashboard Pack,8,199,1592,Partner,SME
ORD-1201,2021-11-05,Nigeria,NG,Ouest,Lagos,SaaS,Dashboard Pack,1,149,149,Online,SME
ORD-1202,2021-12-20,Togo,TG,Centre,Lome,Education,School Kit,1,79,79,Reseller,School
ORD-1203,2021-11-22,Nigeria,NG,Centre,Lagos,SaaS,Dashboard Pack,6,99,594,Direct,School
ORD-1204,2024-05-09,Senegal,SN,Est,Dakar,Education,School Kit,1,249,249,Direct,NGO
ORD-1205,2024-10-21,Ghana,GH,Nord,Accra,SaaS,Dashboard Pack,7,99,693,Direct,Startup
ORD-1206,2024-09-21,Ghana,GH,Nord,Accra,SaaS,Dashboard Pack,3,99,297,Direct,School
ORD-1207,2021-06-23,Benin,BJ,Centre,Cotonou,Education,School Kit,5,199,995,Reseller,SME
ORD-1208,2024-08-16,Benin,BJ,Centre,Cotonou,Education,Learning Platform,11,149,1639,Direct,NGO
ORD-1209,2022-03-15,Ghana,GH,Est,Accra,SaaS,Analytics Subscription,6,149,894,Partner,Startup
ORD-1210,2022-08-29,Benin,BJ,Sud,Cotonou,Education,Learning Platform,2,199,398,Online,SME
ORD-1211,2023-02-11,Nigeria,NG,Sud,Lagos,SaaS,Dashboard Pack,3,79,237,Partner,Startup
ORD-1212,2023-01-17,Senegal,SN,Nord,Dakar,Services,Data Audit,11,249,2739,Partner,School
ORD-1213,2023-07-09,Nigeria,NG,Est,Lagos,Education,School Kit,4,199,796,Partner,SME
ORD-1214,2024-10-21,Senegal,SN,Sud,Dakar,Services,Training Bootcamp,10,149,1490,Reseller,SME
ORD-1215,2023-05-08,Senegal,SN,Centre,Dakar,SaaS,Dashboard Pack,3,79,237,Partner,SME
ORD-1216,2024-02-10,Togo,TG,Ouest,Lome,Services,Training Bootcamp,2,249,498,Online,SME
ORD-1217,2023-07-10,Togo,TG,Sud,Lome,Services,Training Bootcamp,9,79,711,Reseller,NGO
ORD-1218,2021-02-24,Benin,BJ,Ouest,Cotonou,Services,Training Bootcamp,7,49,343,Reseller,SME
ORD-1219,2023-02-07,Benin,BJ,Ouest,Cotonou,Education,Learning Platform,4,49,196,Direct,NGO
ORD-1220,2021-03-20,Ghana,GH,Sud,Accra,SaaS,Analytics Subscription,5,149,745,Partner,School
ORD-1221,2021-06-12,Senegal,SN,Centre,Dakar,Education,Learning Platform,1,99,99,Partner,Startup
ORD-1222,2023-05-17,Nigeria,NG,Centre,Lagos,SaaS,Dashboard Pack,2,99,198,Partner,SME
ORD-1223,2023-05-10,Togo,TG,Nord,Lome,SaaS,Analytics Subscription,11,199,2189,Reseller,NGO
ORD-1224,2024-01-03,Togo,TG,Ouest,Lome,SaaS,Dashboard Pack,1,249,249,Partner,Startup
ORD-1225,2024-06-13,Ghana,GH,Ouest,Accra,Education,Learning Platform,6,79,474,Reseller,Startup
ORD-1226,2021-05-19,Togo,TG,Centre,Lome,Services,Training Bootcamp,9,199,1791,Online,School
ORD-1227,2023-03-04,Senegal,SN,Nord,Dakar,Education,School Kit,6,99,594,Online,SME
ORD-1228,2024-09-07,Togo,TG,Est,Lome,SaaS,Analytics Subscription,11,49,539,Direct,Startup
ORD-1229,2022-11-25,Togo,TG,Est,Lome,SaaS,Dashboard Pack,11,79,869,Reseller,School
ORD-1230,2023-07-27,Benin,BJ,Sud,Cotonou,Education,Learning Platform,1,99,99,Partner,NGO
ORD-1231,2022-09-28,Benin,BJ,Nord,Cotonou,Services,Training Bootcamp,9,149,1341,Reseller,SME
ORD-1232,2023-01-02,Togo,TG,Sud,Lome,Services,Training Bootcamp,1,249,249,Direct,SME
ORD-1233,2023-03-31,Togo,TG,Est,Lome,Services,Data Audit,12,149,1788,Reseller,SME
ORD-1234,2023-10-16,Benin,BJ,Ouest,Cotonou,Education,School Kit,6,199,1194,Direct,NGO
ORD-1235,2024-05-18,Senegal,SN,Nord,Dakar,Services,Data Audit,3,199,597,Direct,SME
ORD-1236,2024-09-15,Togo,TG,Nord,Lome,Services,Training Bootcamp,5,99,495,Reseller,School
ORD-1237,2023-07-05,Benin,BJ,Ouest,Cotonou,Services,Training Bootcamp,1,249,249,Direct,School
ORD-1238,2024-10-06,Ghana,GH,Nord,Accra,Education,Learning Platform,11,149,1639,Direct,Startup
ORD-1239,2024-10-20,Togo,TG,Sud,Lome,SaaS,Dashboard Pack,8,49,392,Partner,NGO
ORD-1240,2023-02-24,Benin,BJ,Est,Cotonou,Services,Training Bootcamp,10,49,490,Partner,School
ORD-1241,2021-06-07,Ghana,GH,Est,Accra,Services,Data Audit,10,79,790,Direct,School
ORD-1242,2021-08-21,Ghana,GH,Est,Accra,SaaS,Analytics Subscription,1,249,249,Partner,School
ORD-1243,2021-08-30,Nigeria,NG,Ouest,Lagos,SaaS,Dashboard Pack,5,99,495,Reseller,Startup
ORD-1244,2023-10-03,Nigeria,NG,Est,Lagos,Education,School Kit,4,49,196,Partner,NGO
ORD-1245,2023-07-01,Senegal,SN,Sud,Dakar,Education,School Kit,2,249,498,Direct,SME
ORD-1246,2022-08-18,Togo,TG,Centre,Lome,SaaS,Dashboard Pack,5,79,395,Partner,SME
ORD-1247,2022-02-16,Nigeria,NG,Sud,Lagos,Education,Learning Platform,3,79,237,Reseller,NGO
ORD-1248,2023-01-26,Ghana,GH,Centre,Accra,SaaS,Dashboard Pack,8,199,1592,Partner,NGO
ORD-1249,2023-09-08,Togo,TG,Est,Lome,Services,Data Audit,9,149,1341,Reseller,NGO
ORD-1250,2021-06-01,Benin,BJ,Est,Cotonou,Education,School Kit,8,149,1192,Direct,Startup
ORD-1251,2021-09-22,Nigeria,NG,Centre,Lagos,SaaS,Analytics Subscription,7,199,1393,Online,NGO
ORD-1252,2021-12-04,Nigeria,NG,Sud,Lagos,Services,Training Bootcamp,3,99,297,Partner,SME
ORD-1253,2022-05-29,Nigeria,NG,Est,Lagos,Education,Learning Platform,4,249,996,Direct,Startup
ORD-1254,2021-07-11,Ghana,GH,Centre,Accra,SaaS,Dashboard Pack,9,249,2241,Partner,Startup
ORD-1255,2024-05-24,Benin,BJ,Centre,Cotonou,Education,School Kit,6,199,1194,Online,NGO
ORD-1256,2024-03-27,Togo,TG,Nord,Lome,Education,School Kit,5,249,1245,Partner,School
ORD-1257,2024-07-08,Nigeria,NG,Nord,Lagos,Services,Data Audit,9,99,891,Direct,School
ORD-1258,2023-07-18,Benin,BJ,Ouest,Cotonou,Services,Training Bootcamp,2,249,498,Online,Startup
ORD-1259,2023-08-10,Senegal,SN,Ouest,Dakar,Services,Data Audit,4,99,396,Partner,SME
ORD-1260,2021-09-25,Ghana,GH,Est,Accra,Services,Data Audit,6,199,1194,Online,SME
ORD-1261,2022-07-02,Benin,BJ,Ouest,Cotonou,Education,Learning Platform,8,79,632,Partner,NGO
ORD-1262,2024-06-14,Togo,TG,Est,Lome,Services,Data Audit,7,79,553,Partner,SME
ORD-1263,2021-11-23,Nigeria,NG,Est,Lagos,SaaS,Analytics Subscription,8,199,1592,Reseller,School
ORD-1264,2021-07-04,Ghana,GH,Ouest,Accra,Education,Learning Platform,7,199,1393,Reseller,Startup
ORD-1265,2021-04-10,Benin,BJ,Centre,Cotonou,Services,Training Bootcamp,1,99,99,Reseller,School
ORD-1266,2021-08-09,Ghana,GH,Centre,Accra,Education,Learning Platform,7,79,553,Direct,SME
ORD-1267,2023-04-01,Senegal,SN,Est,Dakar,Education,Learning Platform,1,199,199,Partner,SME
ORD-1268,2023-03-03,Nigeria,NG,Est,Lagos,Education,Learning Platform,9,149,1341,Direct,NGO
ORD-1269,2023-02-04,Benin,BJ,Nord,Cotonou,Services,Data Audit,6,199,1194,Direct,Startup
ORD-1270,2023-04-03,Benin,BJ,Centre,Cotonou,SaaS,Dashboard Pack,9,49,441,Online,NGO
ORD-1271,2023-11-30,Benin,BJ,Est,Cotonou,Services,Data Audit,8,79,632,Partner,SME
ORD-1272,2023-03-16,Nigeria,NG,Est,Lagos,SaaS,Analytics Subscription,10,249,2490,Direct,SME
ORD-1273,2023-10-01,Nigeria,NG,Centre,Lagos,SaaS,Dashboard Pack,12,199,2388,Direct,School
ORD-1274,2024-10-11,Togo,TG,Est,Lome,Services,Training Bootcamp,2,149,298,Direct,NGO
ORD-1275,2024-09-04,Nigeria,NG,Ouest,Lagos,Services,Training Bootcamp,10,199,1990,Partner,NGO
ORD-1276,2023-12-10,Nigeria,NG,Ouest,Lagos,SaaS,Analytics Subscription,11,249,2739,Reseller,Startup
ORD-1277,2024-12-05,Benin,BJ,Nord,Cotonou,SaaS,Dashboard Pack,2,79,158,Online,School
ORD-1278,2023-04-26,Ghana,GH,Ouest,Accra,SaaS,Analytics Subscription,12,79,948,Reseller,School
ORD-1279,2022-03-01,Togo,TG,Sud,Lome,SaaS,Dashboard Pack,9,99,891,Reseller,School
ORD-1280,2023-12-28,Ghana,GH,Sud,Accra,Services,Data Audit,6,199,1194,Direct,SME
ORD-1281,2022-05-20,Nigeria,NG,Ouest,Lagos,SaaS,Analytics Subscription,5,199,995,Direct,Startup
ORD-1282,2022-03-01,Ghana,GH,Est,Accra,Education,School Kit,12,249,2988,Reseller,SME
ORD-1283,2022-07-15,Senegal,SN,Est,Dakar,SaaS,Dashboard Pack,5,49,245,Reseller,School
ORD-1284,2021-03-28,Ghana,GH,Sud,Accra,Services,Training Bootcamp,5,249,1245,Online,SME
ORD-1285,2023-09-09,Senegal,SN,Est,Dakar,Education,School Kit,4,79,316,Direct,SME
ORD-1286,2024-04-16,Benin,BJ,Nord,Cotonou,SaaS,Dashboard Pack,4,79,316,Online,Startup
ORD-1287,2023-04-27,Benin,BJ,Nord,Cotonou,Education,Learning Platform,6,249,1494,Reseller,NGO
ORD-1288,2021-11-20,Benin,BJ,Nord,Cotonou,SaaS,Dashboard Pack,7,249,1743,Reseller,School
ORD-1289,2022-08-08,Benin,BJ,Est,Cotonou,Services,Training Bootcamp,11,49,539,Online,Startup
ORD-1290,2023-05-06,Nigeria,NG,Nord,Lagos,SaaS,Analytics Subscription,3,49,147,Reseller,School
ORD-1291,2021-01-19,Benin,BJ,Est,Cotonou,Education,Learning Platform,5,199,995,Online,SME
ORD-1292,2024-01-18,Ghana,GH,Ouest,Accra,Education,School Kit,9,149,1341,Partner,School
ORD-1293,2022-11-09,Ghana,GH,Sud,Accra,Education,Learning Platform,3,249,747,Reseller,SME
ORD-1294,2022-11-22,Benin,BJ,Nord,Cotonou,Education,School Kit,5,199,995,Partner,Startup
ORD-1295,2023-11-22,Nigeria,NG,Ouest,Lagos,Services,Data Audit,6,49,294,Reseller,NGO
ORD-1296,2022-10-25,Benin,BJ,Sud,Cotonou,Services,Data Audit,4,49,196,Direct,School
ORD-1297,2022-11-07,Benin,BJ,Ouest,Cotonou,Services,Training Bootcamp,5,199,995,Online,SME
ORD-1298,2024-09-29,Ghana,GH,Sud,Accra,Education,Learning Platform,2,149,298,Direct,Startup
ORD-1299,2022-09-29,Senegal,SN,Centre,Dakar,Education,School Kit,12,49,588,Direct,SME
ORD-1300,2021-10-01,Nigeria,NG,Sud,Lagos,SaaS,Analytics Subscription,8,79,632,Reseller,SME
ORD-1301,2024-01-06,Senegal,SN,Centre,Dakar,Services,Data Audit,11,79,869,Partner,NGO
ORD-1302,2024-12-12,Nigeria,NG,Ouest,Lagos,SaaS,Dashboard Pack,6,49,294,Online,NGO
ORD-1303,2024-03-18,Nigeria,NG,Centre,Lagos,SaaS,Analytics Subscription,9,79,711,Partner,SME
ORD-1304,2024-10-25,Nigeria,NG,Ouest,Lagos,Education,Learning Platform,4,249,996,Reseller,NGO
ORD-1305,2023-07-18,Nigeria,NG,Ouest,Lagos,Education,Learning Platform,3,199,597,Reseller,School
ORD-1306,2023-08-05,Nigeria,NG,Nord,Lagos,SaaS,Dashboard Pack,11,99,1089,Online,School
ORD-1307,2022-03-23,Ghana,GH,Nord,Accra,Education,School Kit,10,49,490,Online,School
ORD-1308,2021-05-04,Ghana,GH,Nord,Accra,SaaS,Dashboard Pack,2,149,298,Online,SME
ORD-1309,2024-08-06,Senegal,SN,Sud,Dakar,SaaS,Analytics Subscription,12,249,2988,Reseller,SME
ORD-1310,2023-02-09,Senegal,SN,Ouest,Dakar,Services,Data Audit,2,249,498,Partner,SME
ORD-1311,2023-03-16,Togo,TG,Sud,Lome,SaaS,Dashboard Pack,9,79,711,Partner,NGO
ORD-1312,2024-10-11,Togo,TG,Est,Lome,Services,Data Audit,12,199,2388,Reseller,School
ORD-1313,2022-12-10,Benin,BJ,Sud,Cotonou,Services,Data Audit,3,99,297,Partner,NGO
ORD-1314,2021-02-02,Togo,TG,Ouest,Lome,SaaS,Dashboard Pack,4,79,316,Online,NGO
ORD-1315,2024-05-09,Nigeria,NG,Nord,Lagos,Services,Data Audit,11,249,2739,Online,Startup
ORD-1316,2022-04-25,Togo,TG,Ouest,Lome,Services,Data Audit,9,79,711,Online,Startup
ORD-1317,2024-03-25,Nigeria,NG,Est,Lagos,SaaS,Analytics Subscription,6,199,1194,Direct,Startup
ORD-1318,2023-12-04,Ghana,GH,Sud,Accra,Education,School Kit,4,149,596,Direct,SME
ORD-1319,2021-12-25,Togo,TG,Centre,Lome,SaaS,Dashboard Pack,11,249,2739,Reseller,School
ORD-1320,2024-10-06,Togo,TG,Est,Lome,Education,School Kit,7,199,1393,Direct,School
ORD-1321,2023-02-10,Senegal,SN,Sud,Dakar,Services,Training Bootcamp,3,199,597,Reseller,Startup
ORD-1322,2021-10-23,Benin,BJ,Est,Cotonou,Education,School Kit,8,49,392,Reseller,School
ORD-1323,2023-03-07,Nigeria,NG,Centre,Lagos,SaaS,Analytics Subscription,4,99,396,Partner,SME
ORD-1324,2021-07-09,Togo,TG,Ouest,Lome,Services,Training Bootcamp,9,249,2241,Partner,NGO
ORD-1325,2024-05-23,Ghana,GH,Ouest,Accra,Education,School Kit,10,49,490,Online,Startup
ORD-1326,2023-09-09,Nigeria,NG,Centre,Lagos,SaaS,Analytics Subscription,4,99,396,Direct,NGO
ORD-1327,2021-08-29,Benin,BJ,Sud,Cotonou,Education,School Kit,12,149,1788,Partner,Startup
ORD-1328,2022-10-21,Senegal,SN,Sud,Dakar,SaaS,Dashboard Pack,5,149,745,Reseller,SME
ORD-1329,2023-11-17,Ghana,GH,Est,Accra,Services,Training Bootcamp,8,149,1192,Online,School
ORD-1330,2022-10-03,Ghana,GH,Sud,Accra,Services,Training Bootcamp,7,49,343,Partner,Startup
ORD-1331,2024-04-11,Togo,TG,Est,Lome,SaaS,Dashboard Pack,10,249,2490,Reseller,SME
ORD-1332,2022-04-17,Benin,BJ,Sud,Cotonou,Services,Training Bootcamp,7,199,1393,Partner,School
ORD-1333,2023-09-28,Nigeria,NG,Est,Lagos,Services,Training Bootcamp,12,249,2988,Reseller,School
ORD-1334,2021-10-14,Benin,BJ,Est,Cotonou,SaaS,Analytics Subscription,12,199,2388,Reseller,Startup
ORD-1335,2021-03-11,Nigeria,NG,Nord,Lagos,SaaS,Dashboard Pack,2,249,498,Online,NGO
ORD-1336,2022-04-19,Senegal,SN,Sud,Dakar,Education,School Kit,2,249,498,Partner,NGO
ORD-1337,2023-02-04,Benin,BJ,Centre,Cotonou,Services,Data Audit,1,199,199,Reseller,School
ORD-1338,2024-02-04,Togo,TG,Nord,Lome,SaaS,Dashboard Pack,7,49,343,Online,SME
ORD-1339,2023-10-26,Nigeria,NG,Est,Lagos,Education,Learning Platform,12,249,2988,Reseller,Startup
ORD-1340,2021-11-01,Togo,TG,Nord,Lome,SaaS,Dashboard Pack,4,79,316,Direct,SME
ORD-1341,2023-02-04,Ghana,GH,Ouest,Accra,Education,Learning Platform,7,149,1043,Partner,Startup
ORD-1342,2024-08-23,Ghana,GH,Nord,Accra,Education,School Kit,1,49,49,Reseller,School
ORD-1343,2021-04-25,Senegal,SN,Centre,Dakar,Services,Data Audit,11,49,539,Partner,NGO
ORD-1344,2022-11-10,Senegal,SN,Ouest,Dakar,Education,School Kit,10,49,490,Online,Startup
ORD-1345,2022-07-10,Benin,BJ,Centre,Cotonou,Services,Data Audit,1,49,49,Direct,NGO
ORD-1346,2022-03-01,Benin,BJ,Est,Cotonou,Education,Learning Platform,10,79,790,Reseller,NGO
ORD-1347,2022-05-08,Ghana,GH,Sud,Accra,SaaS,Dashboard Pack,10,149,1490,Direct,School
ORD-1348,2022-12-10,Benin,BJ,Nord,Cotonou,SaaS,Dashboard Pack,1,49,49,Reseller,Startup
ORD-1349,2024-06-11,Togo,TG,Est,Lome,SaaS,Dashboard Pack,10,149,1490,Direct,NGO
ORD-1350,2022-04-13,Ghana,GH,Ouest,Accra,Services,Data Audit,6,199,1194,Reseller,School
ORD-1351,2023-02-18,Benin,BJ,Centre,Cotonou,Education,School Kit,2,199,398,Direct,Startup
ORD-1352,2021-11-12,Togo,TG,Nord,Lome,Services,Training Bootcamp,7,249,1743,Partner,School
ORD-1353,2021-07-07,Ghana,GH,Est,Accra,Education,Learning Platform,1,99,99,Reseller,SME
ORD-1354,2021-06-28,Ghana,GH,Nord,Accra,SaaS,Analytics Subscription,3,149,447,Reseller,School
ORD-1355,2022-12-26,Togo,TG,Nord,Lome,Education,Learning Platform,9,49,441,Direct,School
ORD-1356,2023-03-06,Togo,TG,Est,Lome,Services,Data Audit,2,249,498,Partner,Startup
ORD-1357,2022-07-05,Senegal,SN,Sud,Dakar,SaaS,Analytics Subscription,5,99,495,Reseller,Startup
ORD-1358,2022-07-20,Togo,TG,Sud,Lome,Services,Data Audit,7,99,693,Reseller,NGO
ORD-1359,2024-07-04,Ghana,GH,Est,Accra,SaaS,Analytics Subscription,8,199,1592,Partner,School
ORD-1360,2021-01-14,Togo,TG,Sud,Lome,Services,Training Bootcamp,7,99,693,Reseller,SME
ORD-1361,2024-08-26,Senegal,SN,Est,Dakar,Services,Data Audit,10,79,790,Direct,SME
ORD-1362,2022-10-06,Nigeria,NG,Sud,Lagos,Services,Data Audit,3,149,447,Direct,SME
ORD-1363,2022-10-30,Senegal,SN,Centre,Dakar,SaaS,Analytics Subscription,7,99,693,Reseller,SME
ORD-1364,2024-04-27,Togo,TG,Centre,Lome,SaaS,Analytics Subscription,9,79,711,Online,School
ORD-1365,2024-11-19,Benin,BJ,Ouest,Cotonou,Services,Training Bootcamp,2,149,298,Reseller,Startup
ORD-1366,2024-09-10,Ghana,GH,Sud,Accra,Services,Training Bootcamp,3,249,747,Reseller,School
ORD-1367,2023-09-09,Togo,TG,Ouest,Lome,SaaS,Dashboard Pack,10,149,1490,Reseller,NGO
ORD-1368,2024-07-30,Ghana,GH,Centre,Accra,SaaS,Dashboard Pack,2,49,98,Partner,SME
ORD-1369,2024-02-28,Benin,BJ,Centre,Cotonou,Education,Learning Platform,11,249,2739,Reseller,SME
ORD-1370,2021-07-21,Senegal,SN,Nord,Dakar,Education,Learning Platform,5,79,395,Partner,School
ORD-1371,2024-10-23,Ghana,GH,Ouest,Accra,Services,Data Audit,10,249,2490,Partner,SME
ORD-1372,2022-08-29,Togo,TG,Ouest,Lome,Education,Learning Platform,7,49,343,Online,Startup
ORD-1373,2023-07-22,Ghana,GH,Est,Accra,Services,Training Bootcamp,4,199,796,Reseller,SME
ORD-1374,2024-11-27,Senegal,SN,Nord,Dakar,Services,Data Audit,8,99,792,Online,SME
ORD-1375,2022-12-04,Togo,TG,Nord,Lome,Education,Learning Platform,11,49,539,Partner,Startup
ORD-1376,2021-11-24,Nigeria,NG,Sud,Lagos,SaaS,Dashboard Pack,6,199,1194,Reseller,School
ORD-1377,2022-01-13,Benin,BJ,Ouest,Cotonou,Education,School Kit,3,249,747,Reseller,School
ORD-1378,2023-07-10,Togo,TG,Centre,Lome,SaaS,Analytics Subscription,10,149,1490,Reseller,NGO
ORD-1379,2024-12-12,Benin,BJ,Sud,Cotonou,Services,Training Bootcamp,2,199,398,Online,Startup
ORD-1380,2023-07-27,Ghana,GH,Est,Accra,SaaS,Analytics Subscription,2,99,198,Reseller,SME
ORD-1381,2023-03-15,Nigeria,NG,Ouest,Lagos,SaaS,Dashboard Pack,10,49,490,Direct,SME
ORD-1382,2024-10-11,Senegal,SN,Centre,Dakar,SaaS,Analytics Subscription,12,99,1188,Online,Startup
ORD-1383,2022-09-18,Ghana,GH,Nord,Accra,SaaS,Analytics Subscription,2,79,158,Direct,Startup
ORD-1384,2024-05-06,Nigeria,NG,Ouest,Lagos,Services,Data Audit,3,199,597,Reseller,School
ORD-1385,2024-01-06,Benin,BJ,Ouest,Cotonou,Education,School Kit,12,249,2988,Partner,Startup
ORD-1386,2022-01-19,Senegal,SN,Est,Dakar,SaaS,Analytics Subscription,6,149,894,Online,SME
ORD-1387,2022-02-04,Togo,TG,Ouest,Lome,SaaS,Analytics Subscription,7,199,1393,Reseller,School
ORD-1388,2023-06-29,Senegal,SN,Ouest,Dakar,Education,School Kit,8,79,632,Online,NGO
ORD-1389,2022-07-17,Benin,BJ,Est,Cotonou,Education,Learning Platform,4,199,796,Direct,Startup
ORD-1390,2023-10-12,Senegal,SN,Centre,Dakar,Education,School Kit,9,199,1791,Online,NGO
ORD-1391,2024-01-16,Ghana,GH,Centre,Accra,Services,Training Bootcamp,1,249,249,Reseller,Startup
ORD-1392,2024-08-31,Senegal,SN,Nord,Dakar,Education,School Kit,4,99,396,Online,School
ORD-1393,2023-06-19,Ghana,GH,Est,Accra,Education,Learning Platform,2,79,158,Partner,SME
ORD-1394,2024-06-15,Nigeria,NG,Ouest,Lagos,SaaS,Analytics Subscription,3,79,237,Partner,NGO
ORD-1395,2022-07-30,Nigeria,NG,Est,Lagos,SaaS,Dashboard Pack,10,199,1990,Partner,SME
ORD-1396,2022-07-02,Ghana,GH,Est,Accra,SaaS,Dashboard Pack,9,249,2241,Online,Startup
ORD-1397,2024-09-05,Senegal,SN,Nord,Dakar,Services,Training Bootcamp,3,249,747,Partner,Startup
ORD-1398,2024-10-16,Benin,BJ,Est,Cotonou,SaaS,Analytics Subscription,7,149,1043,Partner,SME
ORD-1399,2021-06-04,Senegal,SN,Ouest,Dakar,Services,Data Audit,11,49,539,Reseller,SME
ORD-1400,2022-11-02,Ghana,GH,Ouest,Accra,Services,Data Audit,10,49,490,Online,School
ORD-1401,2023-03-26,Ghana,GH,Nord,Accra,SaaS,Dashboard Pack,4,149,596,Partner,School
ORD-1402,2022-11-23,Ghana,GH,Est,Accra,Services,Training Bootcamp,9,199,1791,Partner,School
ORD-1403,2021-07-23,Ghana,GH,Nord,Accra,Education,Learning Platform,11,149,1639,Online,NGO
ORD-1404,2021-01-02,Benin,BJ,Ouest,Cotonou,Services,Data Audit,7,79,553,Partner,SME
ORD-1405,2024-09-02,Benin,BJ,Est,Cotonou,Education,Learning Platform,6,99,594,Online,SME
ORD-1406,2024-07-05,Benin,BJ,Nord,Cotonou,Services,Data Audit,5,249,1245,Partner,School
ORD-1407,2022-03-14,Togo,TG,Nord,Lome,Education,Learning Platform,8,49,392,Partner,Startup
ORD-1408,2021-01-17,Nigeria,NG,Ouest,Lagos,Education,Learning Platform,12,99,1188,Online,School
ORD-1409,2022-04-14,Benin,BJ,Ouest,Cotonou,Education,Learning Platform,7,49,343,Online,NGO
ORD-1410,2021-10-08,Ghana,GH,Est,Accra,Services,Training Bootcamp,7,79,553,Partner,NGO
ORD-1411,2024-06-03,Nigeria,NG,Centre,Lagos,Education,Learning Platform,11,79,869,Reseller,SME
ORD-1412,2024-06-15,Benin,BJ,Sud,Cotonou,Services,Data Audit,11,149,1639,Partner,NGO
ORD-1413,2024-04-22,Togo,TG,Sud,Lome,Education,Learning Platform,12,149,1788,Direct,School
ORD-1414,2022-07-22,Ghana,GH,Sud,Accra,SaaS,Analytics Subscription,11,49,539,Partner,SME
ORD-1415,2023-11-27,Togo,TG,Est,Lome,SaaS,Analytics Subscription,10,199,1990,Partner,School
ORD-1416,2023-10-11,Ghana,GH,Nord,Accra,SaaS,Analytics Subscription,7,49,343,Partner,School
ORD-1417,2021-01-25,Nigeria,NG,Nord,Lagos,SaaS,Dashboard Pack,6,99,594,Partner,School
ORD-1418,2024-01-24,Nigeria,NG,Ouest,Lagos,Services,Training Bootcamp,11,79,869,Reseller,NGO
ORD-1419,2021-01-29,Togo,TG,Centre,Lome,Education,Learning Platform,5,79,395,Online,NGO
ORD-1420,2024-07-11,Senegal,SN,Centre,Dakar,Services,Training Bootcamp,12,199,2388,Reseller,School
ORD-1421,2024-01-04,Senegal,SN,Nord,Dakar,Education,School Kit,9,199,1791,Partner,SME
ORD-1422,2023-11-14,Togo,TG,Est,Lome,Education,Learning Platform,4,79,316,Direct,School
ORD-1423,2024-12-01,Nigeria,NG,Nord,Lagos,Services,Training Bootcamp,7,249,1743,Partner,NGO
ORD-1424,2021-08-26,Benin,BJ,Nord,Cotonou,Services,Data Audit,8,199,1592,Online,SME
ORD-1425,2024-12-20,Benin,BJ,Nord,Cotonou,Education,Learning Platform,3,249,747,Online,Startup
ORD-1426,2023-11-26,Senegal,SN,Est,Dakar,SaaS,Dashboard Pack,12,99,1188,Partner,SME
ORD-1427,2021-08-30,Benin,BJ,Est,Cotonou,Education,School Kit,1,99,99,Reseller,SME
ORD-1428,2024-12-29,Nigeria,NG,Nord,Lagos,Services,Training Bootcamp,10,249,2490,Online,School
ORD-1429,2021-04-24,Senegal,SN,Centre,Dakar,Services,Training Bootcamp,8,199,1592,Partner,SME
ORD-1430,2024-03-21,Benin,BJ,Est,Cotonou,Education,Learning Platform,11,249,2739,Online,Startup
ORD-1431,2021-01-26,Nigeria,NG,Nord,Lagos,Education,Learning Platform,4,49,196,Reseller,SME
ORD-1432,2021-03-14,Senegal,SN,Sud,Dakar,SaaS,Analytics Subscription,9,249,2241,Reseller,Startup
ORD-1433,2022-10-18,Ghana,GH,Sud,Accra,Services,Data Audit,5,49,245,Direct,NGO
ORD-1434,2022-04-03,Nigeria,NG,Nord,Lagos,SaaS,Analytics Subscription,9,49,441,Reseller,NGO
ORD-1435,2022-11-02,Senegal,SN,Est,Dakar,Services,Training Bootcamp,2,199,398,Reseller,NGO
ORD-1436,2024-02-29,Ghana,GH,Sud,Accra,Services,Training Bootcamp,5,249,1245,Partner,School
ORD-1437,2022-02-05,Ghana,GH,Centre,Accra,Services,Data Audit,12,199,2388,Partner,Startup
ORD-1438,2022-04-23,Togo,TG,Ouest,Lome,Education,Learning Platform,9,99,891,Online,SME
ORD-1439,2022-09-22,Togo,TG,Ouest,Lome,Education,School Kit,2,79,158,Partner,School
ORD-1440,2024-12-28,Senegal,SN,Nord,Dakar,SaaS,Analytics Subscription,5,49,245,Online,Startup
ORD-1441,2023-02-02,Nigeria,NG,Ouest,Lagos,Education,School Kit,8,249,1992,Online,NGO
ORD-1442,2023-03-19,Nigeria,NG,Sud,Lagos,Education,School Kit,2,199,398,Online,School
ORD-1443,2022-06-19,Benin,BJ,Sud,Cotonou,Services,Training Bootcamp,6,149,894,Direct,SME
ORD-1444,2021-06-02,Senegal,SN,Est,Dakar,SaaS,Analytics Subscription,4,79,316,Online,Startup
ORD-1445,2023-08-13,Togo,TG,Sud,Lome,Services,Data Audit,6,149,894,Online,SME
ORD-1446,2023-08-07,Benin,BJ,Ouest,Cotonou,Services,Training Bootcamp,5,49,245,Online,Startup
ORD-1447,2022-03-17,Ghana,GH,Centre,Accra,Education,Learning Platform,6,79,474,Online,Startup
ORD-1448,2021-04-11,Ghana,GH,Ouest,Accra,SaaS,Dashboard Pack,11,99,1089,Direct,Startup
ORD-1449,2024-02-13,Togo,TG,Ouest,Lome,Services,Data Audit,12,199,2388,Partner,NGO
ORD-1450,2021-09-06,Senegal,SN,Nord,Dakar,SaaS,Analytics Subscription,1,49,49,Partner,Startup
ORD-1451,2024-11-06,Benin,BJ,Ouest,Cotonou,Services,Training Bootcamp,11,249,2739,Online,SME
ORD-1452,2022-02-09,Togo,TG,Nord,Lome,Education,Learning Platform,11,149,1639,Partner,NGO
ORD-1453,2023-08-03,Ghana,GH,Nord,Accra,Education,Learning Platform,1,79,79,Reseller,School
ORD-1454,2024-10-31,Senegal,SN,Nord,Dakar,Services,Data Audit,7,79,553,Direct,Startup
ORD-1455,2023-07-03,Benin,BJ,Est,Cotonou,Services,Training Bootcamp,3,49,147,Partner,SME
ORD-1456,2023-09-09,Senegal,SN,Ouest,Dakar,SaaS,Dashboard Pack,1,49,49,Direct,School
ORD-1457,2024-08-09,Benin,BJ,Ouest,Cotonou,SaaS,Analytics Subscription,9,79,711,Online,School
ORD-1458,2023-09-20,Ghana,GH,Ouest,Accra,SaaS,Dashboard Pack,6,199,1194,Direct,School
ORD-1459,2022-10-16,Ghana,GH,Sud,Accra,Education,Learning Platform,10,79,790,Online,SME
ORD-1460,2023-01-03,Togo,TG,Ouest,Lome,SaaS,Dashboard Pack,10,79,790,Partner,NGO
ORD-1461,2023-12-29,Benin,BJ,Sud,Cotonou,Services,Training Bootcamp,12,49,588,Partner,School
ORD-1462,2022-04-30,Ghana,GH,Sud,Accra,SaaS,Analytics Subscription,10,99,990,Direct,NGO
ORD-1463,2021-10-19,Ghana,GH,Centre,Accra,SaaS,Dashboard Pack,10,79,790,Reseller,SME
ORD-1464,2021-07-04,Benin,BJ,Ouest,Cotonou,Education,Learning Platform,1,79,79,Partner,NGO
ORD-1465,2022-11-11,Nigeria,NG,Ouest,Lagos,Education,Learning Platform,10,79,790,Partner,SME
ORD-1466,2021-02-14,Benin,BJ,Est,Cotonou,Education,Learning Platform,3,199,597,Partner,NGO
ORD-1467,2023-02-05,Nigeria,NG,Est,Lagos,Education,Learning Platform,12,249,2988,Reseller,NGO
ORD-1468,2021-10-07,Ghana,GH,Est,Accra,Services,Training Bootcamp,3,249,747,Reseller,School
ORD-1469,2024-02-25,Ghana,GH,Sud,Accra,Education,School Kit,12,199,2388,Direct,Startup
ORD-1470,2022-09-21,Nigeria,NG,Sud,Lagos,Services,Data Audit,12,249,2988,Direct,Startup
ORD-1471,2024-03-19,Benin,BJ,Nord,Cotonou,Education,School Kit,7,199,1393,Online,Startup
ORD-1472,2022-03-29,Nigeria,NG,Est,Lagos,SaaS,Dashboard Pack,11,199,2189,Online,School
ORD-1473,2021-06-09,Benin,BJ,Est,Cotonou,Education,School Kit,4,99,396,Direct,Startup
ORD-1474,2021-01-24,Togo,TG,Est,Lome,Services,Data Audit,5,79,395,Partner,NGO
ORD-1475,2021-01-03,Ghana,GH,Est,Accra,Education,Learning Platform,1,149,149,Reseller,School
ORD-1476,2023-02-15,Benin,BJ,Ouest,Cotonou,Services,Data Audit,6,199,1194,Reseller,NGO
ORD-1477,2024-11-08,Senegal,SN,Centre,Dakar,Education,School Kit,4,79,316,Reseller,NGO
ORD-1478,2022-10-15,Togo,TG,Est,Lome,Education,Learning Platform,5,49,245,Online,SME
ORD-1479,2021-06-03,Benin,BJ,Ouest,Cotonou,SaaS,Analytics Subscription,9,49,441,Direct,School
ORD-1480,2021-12-04,Togo,TG,Ouest,Lome,Education,School Kit,10,149,1490,Partner,NGO
ORD-1481,2022-01-25,Togo,TG,Est,Lome,SaaS,Analytics Subscription,7,249,1743,Direct,SME
ORD-1482,2021-04-12,Ghana,GH,Sud,Accra,Education,Learning Platform,7,199,1393,Reseller,Startup
ORD-1483,2023-05-26,Togo,TG,Est,Lome,Education,Learning Platform,2,99,198,Reseller,Startup
ORD-1484,2021-12-16,Togo,TG,Nord,Lome,SaaS,Analytics Subscription,11,99,1089,Online,School
ORD-1485,2023-08-23,Togo,TG,Est,Lome,Services,Data Audit,8,249,1992,Direct,NGO
ORD-1486,2023-01-30,Nigeria,NG,Ouest,Lagos,SaaS,Analytics Subscription,7,99,693,Partner,School
ORD-1487,2023-08-11,Togo,TG,Est,Lome,Services,Data Audit,5,79,395,Direct,NGO
ORD-1488,2024-09-30,Benin,BJ,Nord,Cotonou,Education,Learning Platform,6,199,1194,Reseller,Startup
ORD-1489,2023-12-07,Nigeria,NG,Nord,Lagos,Services,Data Audit,7,199,1393,Reseller,Startup
ORD-1490,2023-03-20,Senegal,SN,Est,Dakar,Education,Learning Platform,12,49,588,Partner,NGO
ORD-1491,2022-03-10,Senegal,SN,Sud,Dakar,SaaS,Analytics Subscription,4,79,316,Online,School
ORD-1492,2024-07-08,Togo,TG,Ouest,Lome,SaaS,Analytics Subscription,3,199,597,Direct,SME
ORD-1493,2024-02-14,Togo,TG,Nord,Lome,Services,Data Audit,7,199,1393,Direct,SME
ORD-1494,2024-12-05,Nigeria,NG,Ouest,Lagos,Education,Learning Platform,10,199,1990,Reseller,NGO
ORD-1495,2024-03-06,Senegal,SN,Sud,Dakar,SaaS,Analytics Subscription,10,199,1990,Online,NGO
ORD-1496,2024-01-02,Nigeria,NG,Nord,Lagos,Services,Training Bootcamp,6,149,894,Direct,School
ORD-1497,2023-08-27,Senegal,SN,Centre,Dakar,SaaS,Dashboard Pack,1,79,79,Direct,School
ORD-1498,2024-10-26,Benin,BJ,Centre,Cotonou,SaaS,Dashboard Pack,12,149,1788,Online,School
ORD-1499,2023-09-01,Ghana,GH,Sud,Accra,Education,Learning Platform,5,99,495,Online,SME
ORD-1500,2023-10-04,Ghana,GH,Est,Accra,Services,Training Bootcamp,12,249,2988,Online,Startup
ORD-1501,2023-06-27,Benin,BJ,Est,Cotonou,Education,School Kit,6,99,594,Reseller,NGO
ORD-1502,2023-04-14,Benin,BJ,Ouest,Cotonou,SaaS,Analytics Subscription,12,149,1788,Direct,NGO
ORD-1503,2022-09-30,Nigeria,NG,Sud,Lagos,Education,Learning Platform,12,199,2388,Reseller,Startup
ORD-1504,2021-12-22,Nigeria,NG,Centre,Lagos,Education,Learning Platform,4,79,316,Online,Startup
ORD-1505,2023-01-09,Togo,TG,Ouest,Lome,Education,Learning Platform,12,79,948,Direct,SME
ORD-1506,2024-07-25,Senegal,SN,Centre,Dakar,Services,Data Audit,2,249,498,Online,Startup
ORD-1507,2023-07-03,Ghana,GH,Ouest,Accra,SaaS,Dashboard Pack,3,149,447,Direct,SME
ORD-1508,2024-11-11,Benin,BJ,Est,Cotonou,Education,School Kit,2,99,198,Online,School
ORD-1509,2022-03-15,Togo,TG,Sud,Lome,SaaS,Dashboard Pack,4,249,996,Partner,Startup
ORD-1510,2021-02-11,Ghana,GH,Ouest,Accra,SaaS,Dashboard Pack,11,49,539,Reseller,Startup
ORD-1511,2022-04-04,Benin,BJ,Centre,Cotonou,Education,Learning Platform,5,199,995,Direct,SME
ORD-1512,2023-07-30,Senegal,SN,Ouest,Dakar,Services,Training Bootcamp,5,79,395,Reseller,SME
ORD-1513,2024-04-12,Nigeria,NG,Centre,Lagos,Services,Data Audit,2,49,98,Direct,SME
ORD-1514,2021-05-11,Ghana,GH,Nord,Accra,Services,Data Audit,6,99,594,Direct,SME
ORD-1515,2021-11-04,Ghana,GH,Est,Accra,SaaS,Analytics Subscription,9,79,711,Online,School
ORD-1516,2021-02-22,Ghana,GH,Sud,Accra,Education,School Kit,11,149,1639,Direct,SME
ORD-1517,2021-03-14,Senegal,SN,Ouest,Dakar,Services,Data Audit,10,249,2490,Partner,SME
ORD-1518,2023-09-02,Benin,BJ,Centre,Cotonou,Education,School Kit,11,99,1089,Direct,Startup
ORD-1519,2021-07-19,Nigeria,NG,Sud,Lagos,Services,Training Bootcamp,8,79,632,Direct,Startup
ORD-1520,2022-12-29,Ghana,GH,Nord,Accra,SaaS,Analytics Subscription,4,249,996,Direct,School
ORD-1521,2024-04-14,Ghana,GH,Est,Accra,Services,Training Bootcamp,5,149,745,Online,School
ORD-1522,2024-06-25,Togo,TG,Centre,Lome,SaaS,Dashboard Pack,2,149,298,Partner,NGO
ORD-1523,2023-04-27,Senegal,SN,Centre,Dakar,Services,Training Bootcamp,1,79,79,Partner,Startup
ORD-1524,2023-07-27,Ghana,GH,Ouest,Accra,SaaS,Dashboard Pack,3,99,297,Partner,NGO
ORD-1525,2021-12-29,Senegal,SN,Est,Dakar,Education,School Kit,6,249,1494,Online,NGO
ORD-1526,2021-12-12,Senegal,SN,Est,Dakar,SaaS,Analytics Subscription,10,79,790,Reseller,NGO
ORD-1527,2024-07-21,Benin,BJ,Centre,Cotonou,Services,Data Audit,7,149,1043,Reseller,School
ORD-1528,2023-12-30,Senegal,SN,Nord,Dakar,Education,Learning Platform,4,249,996,Direct,NGO
ORD-1529,2021-02-06,Ghana,GH,Centre,Accra,SaaS,Analytics Subscription,11,49,539,Partner,Startup
ORD-1530,2021-07-30,Ghana,GH,Est,Accra,SaaS,Analytics Subscription,7,199,1393,Direct,Startup
ORD-1531,2022-08-19,Togo,TG,Nord,Lome,Services,Training Bootcamp,8,249,1992,Direct,School
ORD-1532,2023-01-06,Benin,BJ,Est,Cotonou,Services,Data Audit,4,79,316,Reseller,NGO
ORD-1533,2021-09-26,Benin,BJ,Sud,Cotonou,Education,School Kit,4,249,996,Online,Startup
ORD-1534,2024-08-25,Togo,TG,Est,Lome,Education,School Kit,1,149,149,Direct,NGO
ORD-1535,2021-08-10,Nigeria,NG,Nord,Lagos,Education,School Kit,11,49,539,Online,NGO
ORD-1536,2021-09-11,Senegal,SN,Ouest,Dakar,Services,Data Audit,9,99,891,Reseller,Startup
ORD-1537,2023-05-12,Benin,BJ,Nord,Cotonou,Services,Training Bootcamp,11,49,539,Direct,Startup
ORD-1538,2024-06-19,Senegal,SN,Nord,Dakar,SaaS,Dashboard Pack,2,99,198,Online,NGO
ORD-1539,2022-02-14,Senegal,SN,Sud,Dakar,SaaS,Dashboard Pack,5,199,995,Partner,SME
ORD-1540,2021-03-22,Senegal,SN,Est,Dakar,SaaS,Analytics Subscription,9,149,1341,Partner,School
ORD-1541,2021-01-27,Ghana,GH,Sud,Accra,Education,Learning Platform,11,49,539,Online,School
ORD-1542,2021-06-03,Benin,BJ,Nord,Cotonou,SaaS,Dashboard Pack,12,249,2988,Online,SME
ORD-1543,2022-06-25,Benin,BJ,Ouest,Cotonou,Services,Training Bootcamp,8,49,392,Online,Startup
ORD-1544,2024-10-18,Togo,TG,Est,Lome,Services,Training Bootcamp,6,149,894,Online,NGO
ORD-1545,2024-09-20,Togo,TG,Nord,Lome,SaaS,Analytics Subscription,11,79,869,Direct,SME
ORD-1546,2021-07-10,Senegal,SN,Centre,Dakar,Services,Training Bootcamp,6,99,594,Partner,NGO
ORD-1547,2022-07-11,Senegal,SN,Ouest,Dakar,Services,Data Audit,7,249,1743,Reseller,School
ORD-1548,2024-11-26,Benin,BJ,Nord,Cotonou,SaaS,Analytics Subscription,12,49,588,Partner,NGO
ORD-1549,2024-03-11,Senegal,SN,Centre,Dakar,Services,Data Audit,11,149,1639,Partner,School
ORD-1550,2024-11-02,Ghana,GH,Centre,Accra,Education,Learning Platform,12,79,948,Reseller,School
ORD-1551,2021-04-05,Togo,TG,Ouest,Lome,Services,Data Audit,2,99,198,Direct,NGO
ORD-1552,2024-03-03,Nigeria,NG,Centre,Lagos,Education,School Kit,4,249,996,Direct,NGO
ORD-1553,2022-12-10,Senegal,SN,Sud,Dakar,Services,Data Audit,11,249,2739,Reseller,Startup
ORD-1554,2021-01-24,Nigeria,NG,Centre,Lagos,Education,Learning Platform,11,79,869,Reseller,School
ORD-1555,2022-10-19,Benin,BJ,Nord,Cotonou,Services,Data Audit,4,99,396,Direct,NGO
ORD-1556,2024-08-10,Nigeria,NG,Sud,Lagos,SaaS,Dashboard Pack,7,149,1043,Partner,NGO
ORD-1557,2023-07-07,Senegal,SN,Ouest,Dakar,SaaS,Dashboard Pack,2,149,298,Reseller,SME
ORD-1558,2024-08-31,Togo,TG,Ouest,Lome,Education,School Kit,1,49,49,Reseller,School
ORD-1559,2021-01-01,Togo,TG,Centre,Lome,SaaS,Dashboard Pack,2,199,398,Direct,Startup
ORD-1560,2021-04-22,Senegal,SN,Est,Dakar,Services,Training Bootcamp,4,149,596,Direct,School
ORD-1561,2021-07-19,Ghana,GH,Ouest,Accra,Education,Learning Platform,11,79,869,Online,SME
ORD-1562,2023-12-06,Ghana,GH,Est,Accra,SaaS,Dashboard Pack,6,249,1494,Online,NGO
ORD-1563,2023-04-19,Benin,BJ,Ouest,Cotonou,SaaS,Analytics Subscription,2,99,198,Partner,Startup
ORD-1564,2023-07-26,Togo,TG,Ouest,Lome,SaaS,Analytics Subscription,4,249,996,Direct,NGO
ORD-1565,2024-10-08,Senegal,SN,Nord,Dakar,Education,School Kit,10,49,490,Reseller,School
ORD-1566,2023-10-19,Nigeria,NG,Centre,Lagos,SaaS,Analytics Subscription,1,199,199,Online,School
ORD-1567,2021-12-29,Nigeria,NG,Ouest,Lagos,SaaS,Dashboard Pack,12,199,2388,Partner,Startup
ORD-1568,2024-05-14,Togo,TG,Ouest,Lome,Education,School Kit,10,99,990,Reseller,School
ORD-1569,2023-03-26,Nigeria,NG,Sud,Lagos,Services,Training Bootcamp,6,99,594,Reseller,Startup
ORD-1570,2024-12-04,Benin,BJ,Ouest,Cotonou,SaaS,Dashboard Pack,12,199,2388,Direct,SME
ORD-1571,2022-03-06,Nigeria,NG,Sud,Lagos,SaaS,Analytics Subscription,10,249,2490,Direct,SME
ORD-1572,2024-01-17,Benin,BJ,Sud,Cotonou,SaaS,Dashboard Pack,12,249,2988,Direct,NGO
ORD-1573,2024-04-08,Ghana,GH,Centre,Accra,Services,Data Audit,10,249,2490,Reseller,SME
ORD-1574,2021-08-07,Senegal,SN,Nord,Dakar,SaaS,Dashboard Pack,1,149,149,Partner,NGO
ORD-1575,2021-11-26,Togo,TG,Sud,Lome,Services,Training Bootcamp,5,249,1245,Direct,Startup
ORD-1576,2024-01-14,Togo,TG,Est,Lome,SaaS,Analytics Subscription,1,99,99,Reseller,NGO
ORD-1577,2024-08-18,Nigeria,NG,Centre,Lagos,SaaS,Analytics Subscription,9,149,1341,Partner,SME
ORD-1578,2023-05-04,Togo,TG,Ouest,Lome,Services,Data Audit,11,99,1089,Online,NGO
ORD-1579,2023-06-27,Ghana,GH,Sud,Accra,SaaS,Dashboard Pack,4,249,996,Direct,Startup
ORD-1580,2021-12-30,Benin,BJ,Est,Cotonou,Services,Data Audit,11,49,539,Partner,Startup
ORD-1581,2021-03-25,Nigeria,NG,Nord,Lagos,Services,Data Audit,7,99,693,Direct,Startup
ORD-1582,2021-01-12,Benin,BJ,Centre,Cotonou,Services,Training Bootcamp,6,149,894,Partner,NGO
ORD-1583,2021-04-15,Benin,BJ,Est,Cotonou,SaaS,Dashboard Pack,11,199,2189,Direct,School
ORD-1584,2021-05-30,Nigeria,NG,Centre,Lagos,Services,Training Bootcamp,12,99,1188,Partner,Startup
ORD-1585,2021-11-23,Nigeria,NG,Nord,Lagos,SaaS,Dashboard Pack,7,199,1393,Reseller,NGO
ORD-1586,2024-09-20,Ghana,GH,Sud,Accra,SaaS,Analytics Subscription,6,99,594,Direct,SME
ORD-1587,2023-08-31,Benin,BJ,Centre,Cotonou,SaaS,Dashboard Pack,9,249,2241,Online,NGO
ORD-1588,2024-08-08,Ghana,GH,Ouest,Accra,SaaS,Analytics Subscription,10,199,1990,Partner,NGO
ORD-1589,2023-03-02,Ghana,GH,Ouest,Accra,Education,Learning Platform,5,199,995,Direct,NGO
ORD-1590,2023-11-08,Nigeria,NG,Est,Lagos,SaaS,Dashboard Pack,8,149,1192,Online,SME
ORD-1591,2021-06-18,Benin,BJ,Est,Cotonou,SaaS,Dashboard Pack,2,79,158,Online,NGO
ORD-1592,2023-05-19,Benin,BJ,Sud,Cotonou,Education,School Kit,2,79,158,Reseller,NGO
ORD-1593,2022-11-11,Benin,BJ,Nord,Cotonou,Services,Data Audit,1,49,49,Online,NGO
ORD-1594,2021-05-25,Benin,BJ,Est,Cotonou,SaaS,Dashboard Pack,10,79,790,Direct,School
ORD-1595,2023-04-09,Senegal,SN,Ouest,Dakar,Education,School Kit,7,99,693,Online,School
ORD-1596,2024-08-06,Togo,TG,Centre,Lome,Education,Learning Platform,12,199,2388,Online,NGO
ORD-1597,2021-08-06,Togo,TG,Est,Lome,SaaS,Dashboard Pack,5,249,1245,Direct,NGO
ORD-1598,2023-03-21,Ghana,GH,Ouest,Accra,Services,Data Audit,11,49,539,Reseller,Startup
ORD-1599,2023-03-12,Nigeria,NG,Sud,Lagos,SaaS,Analytics Subscription,9,99,891,Partner,SME
ORD-1600,2024-02-11,Ghana,GH,Nord,Accra,SaaS,Dashboard Pack,3,49,147,Online,NGO
ORD-1601,2024-01-06,Nigeria,NG,Centre,Lagos,Services,Data Audit,9,49,441,Direct,Startup
ORD-1602,2024-08-15,Ghana,GH,Sud,Accra,Services,Data Audit,9,79,711,Partner,Startup
ORD-1603,2022-02-02,Benin,BJ,Centre,Cotonou,Services,Training Bootcamp,2,79,158,Online,School
ORD-1604,2024-10-07,Nigeria,NG,Nord,Lagos,Services,Training Bootcamp,2,99,198,Online,Startup
ORD-1605,2023-01-02,Nigeria,NG,Ouest,Lagos,Services,Training Bootcamp,3,249,747,Partner,NGO
ORD-1606,2022-02-01,Ghana,GH,Centre,Accra,Education,Learning Platform,6,149,894,Reseller,SME
ORD-1607,2024-04-11,Nigeria,NG,Est,Lagos,Education,School Kit,3,199,597,Direct,SME
ORD-1608,2022-10-04,Senegal,SN,Sud,Dakar,Education,Learning Platform,4,79,316,Reseller,SME
ORD-1609,2022-11-11,Ghana,GH,Sud,Accra,Education,School Kit,8,149,1192,Reseller,SME
ORD-1610,2021-08-11,Ghana,GH,Ouest,Accra,SaaS,Dashboard Pack,3,249,747,Online,SME
ORD-1611,2022-06-24,Benin,BJ,Centre,Cotonou,SaaS,Analytics Subscription,12,249,2988,Online,NGO
ORD-1612,2021-03-05,Togo,TG,Centre,Lome,Education,School Kit,10,199,1990,Reseller,Startup
ORD-1613,2024-01-19,Togo,TG,Centre,Lome,Services,Training Bootcamp,9,149,1341,Partner,SME
ORD-1614,2022-08-19,Senegal,SN,Sud,Dakar,SaaS,Dashboard Pack,3,149,447,Online,School
ORD-1615,2024-09-19,Ghana,GH,Centre,Accra,Education,Learning Platform,4,199,796,Partner,Startup
ORD-1616,2024-03-05,Senegal,SN,Sud,Dakar,SaaS,Analytics Subscription,10,249,2490,Partner,School
ORD-1617,2023-09-26,Ghana,GH,Nord,Accra,SaaS,Analytics Subscription,4,49,196,Direct,SME
ORD-1618,2022-02-28,Benin,BJ,Nord,Cotonou,Education,School Kit,9,99,891,Reseller,School
ORD-1619,2024-08-21,Senegal,SN,Nord,Dakar,Education,Learning Platform,6,49,294,Direct,SME
ORD-1620,2021-12-23,Nigeria,NG,Centre,Lagos,SaaS,Dashboard Pack,7,249,1743,Reseller,SME
ORD-1621,2022-05-31,Nigeria,NG,Nord,Lagos,SaaS,Dashboard Pack,7,79,553,Reseller,SME
ORD-1622,2024-05-22,Ghana,GH,Ouest,Accra,Services,Data Audit,1,199,199,Partner,School
ORD-1623,2023-11-20,Benin,BJ,Sud,Cotonou,Education,Learning Platform,11,99,1089,Partner,Startup
ORD-1624,2024-05-17,Benin,BJ,Sud,Cotonou,Services,Training Bootcamp,12,49,588,Partner,School
ORD-1625,2024-10-14,Ghana,GH,Nord,Accra,Services,Data Audit,8,149,1192,Partner,Startup
ORD-1626,2021-03-30,Senegal,SN,Nord,Dakar,SaaS,Analytics Subscription,3,199,597,Partner,Startup
ORD-1627,2021-10-28,Nigeria,NG,Nord,Lagos,SaaS,Dashboard Pack,1,79,79,Direct,Startup
ORD-1628,2024-02-29,Nigeria,NG,Ouest,Lagos,SaaS,Dashboard Pack,11,49,539,Direct,NGO
ORD-1629,2023-08-24,Benin,BJ,Ouest,Cotonou,SaaS,Dashboard Pack,8,79,632,Partner,School
ORD-1630,2022-01-08,Nigeria,NG,Sud,Lagos,SaaS,Dashboard Pack,10,249,2490,Direct,Startup
ORD-1631,2024-04-24,Ghana,GH,Ouest,Accra,SaaS,Dashboard Pack,2,79,158,Reseller,School
ORD-1632,2022-02-19,Benin,BJ,Nord,Cotonou,Education,Learning Platform,9,199,1791,Reseller,Startup
ORD-1633,2023-09-02,Nigeria,NG,Nord,Lagos,SaaS,Analytics Subscription,10,199,1990,Online,NGO
ORD-1634,2021-09-24,Togo,TG,Ouest,Lome,Education,School Kit,10,199,1990,Online,School
ORD-1635,2021-03-30,Nigeria,NG,Ouest,Lagos,Services,Training Bootcamp,12,199,2388,Reseller,Startup
ORD-1636,2024-04-21,Senegal,SN,Ouest,Dakar,Services,Training Bootcamp,12,249,2988,Online,School
ORD-1637,2022-04-22,Benin,BJ,Est,Cotonou,Services,Data Audit,2,99,198,Reseller,SME
ORD-1638,2021-01-15,Benin,BJ,Nord,Cotonou,Education,School Kit,10,199,1990,Online,NGO
ORD-1639,2022-10-09,Senegal,SN,Sud,Dakar,Education,School Kit,7,99,693,Online,Startup
ORD-1640,2022-06-20,Senegal,SN,Centre,Dakar,Services,Training Bootcamp,9,149,1341,Direct,SME
ORD-1641,2024-02-05,Senegal,SN,Sud,Dakar,Services,Data Audit,9,149,1341,Partner,SME
ORD-1642,2022-06-04,Nigeria,NG,Centre,Lagos,Services,Data Audit,5,199,995,Direct,School
ORD-1643,2022-04-16,Benin,BJ,Nord,Cotonou,Education,School Kit,8,249,1992,Partner,NGO
ORD-1644,2022-11-25,Benin,BJ,Centre,Cotonou,Services,Data Audit,9,199,1791,Online,Startup
ORD-1645,2021-10-25,Senegal,SN,Nord,Dakar,Education,Learning Platform,8,199,1592,Reseller,NGO
ORD-1646,2023-01-30,Togo,TG,Est,Lome,SaaS,Analytics Subscription,2,199,398,Online,School
ORD-1647,2023-12-04,Senegal,SN,Centre,Dakar,Education,School Kit,5,249,1245,Online,Startup
ORD-1648,2022-02-18,Senegal,SN,Ouest,Dakar,Education,Learning Platform,11,199,2189,Direct,Startup
ORD-1649,2023-11-23,Togo,TG,Centre,Lome,SaaS,Dashboard Pack,12,79,948,Partner,NGO
ORD-1650,2021-01-01,Ghana,GH,Sud,Accra,Education,School Kit,3,49,147,Direct,School
ORD-1651,2024-04-15,Ghana,GH,Ouest,Accra,Services,Data Audit,4,199,796,Online,NGO
ORD-1652,2024-02-20,Togo,TG,Centre,Lome,Services,Training Bootcamp,10,99,990,Direct,SME
ORD-1653,2023-07-21,Benin,BJ,Centre,Cotonou,SaaS,Analytics Subscription,7,199,1393,Online,SME
ORD-1654,2021-08-07,Benin,BJ,Ouest,Cotonou,SaaS,Dashboard Pack,9,49,441,Direct,SME
ORD-1655,2024-01-07,Togo,TG,Centre,Lome,Services,Training Bootcamp,10,99,990,Reseller,School
ORD-1656,2022-11-27,Nigeria,NG,Ouest,Lagos,SaaS,Analytics Subscription,8,249,1992,Reseller,NGO
ORD-1657,2021-05-19,Senegal,SN,Nord,Dakar,Services,Training Bootcamp,7,249,1743,Partner,Startup
ORD-1658,2023-11-24,Ghana,GH,Ouest,Accra,Services,Training Bootcamp,9,49,441,Direct,Startup
ORD-1659,2024-10-11,Ghana,GH,Nord,Accra,Services,Data Audit,12,99,1188,Online,Startup
ORD-1660,2022-03-24,Senegal,SN,Est,Dakar,Services,Training Bootcamp,10,99,990,Partner,Startup
ORD-1661,2022-05-11,Senegal,SN,Sud,Dakar,SaaS,Analytics Subscription,5,79,395,Partner,Startup
ORD-1662,2021-11-16,Benin,BJ,Centre,Cotonou,Services,Training Bootcamp,2,49,98,Online,School
ORD-1663,2021-03-28,Nigeria,NG,Nord,Lagos,SaaS,Dashboard Pack,8,99,792,Direct,School
ORD-1664,2022-01-10,Nigeria,NG,Est,Lagos,Services,Data Audit,9,99,891,Reseller,Startup
ORD-1665,2023-12-13,Nigeria,NG,Sud,Lagos,Education,Learning Platform,7,149,1043,Online,SME
ORD-1666,2021-09-04,Senegal,SN,Sud,Dakar,Services,Data Audit,12,199,2388,Reseller,SME
ORD-1667,2022-03-08,Togo,TG,Nord,Lome,Education,School Kit,7,199,1393,Online,SME
ORD-1668,2022-01-19,Ghana,GH,Centre,Accra,Services,Training Bootcamp,9,99,891,Partner,SME
ORD-1669,2023-01-20,Senegal,SN,Centre,Dakar,Services,Training Bootcamp,3,149,447,Reseller,Startup
ORD-1670,2023-04-01,Senegal,SN,Est,Dakar,Services,Training Bootcamp,5,149,745,Partner,Startup
ORD-1671,2022-07-07,Nigeria,NG,Sud,Lagos,Education,Learning Platform,4,199,796,Reseller,School
ORD-1672,2021-11-03,Benin,BJ,Sud,Cotonou,Education,School Kit,8,49,392,Partner,School
ORD-1673,2023-11-25,Senegal,SN,Sud,Dakar,Education,School Kit,9,249,2241,Direct,School
ORD-1674,2024-03-08,Ghana,GH,Est,Accra,SaaS,Dashboard Pack,1,149,149,Online,Startup
ORD-1675,2023-09-03,Togo,TG,Sud,Lome,Services,Training Bootcamp,11,49,539,Reseller,SME
ORD-1676,2024-02-22,Ghana,GH,Est,Accra,Services,Training Bootcamp,9,99,891,Direct,NGO
ORD-1677,2024-10-23,Senegal,SN,Nord,Dakar,Services,Training Bootcamp,10,79,790,Partner,SME
ORD-1678,2023-11-12,Ghana,GH,Est,Accra,Education,School Kit,8,249,1992,Reseller,NGO
ORD-1679,2023-08-08,Senegal,SN,Centre,Dakar,Services,Training Bootcamp,11,79,869,Partner,SME
ORD-1680,2023-04-09,Senegal,SN,Centre,Dakar,SaaS,Dashboard Pack,2,49,98,Partner,SME
ORD-1681,2024-08-30,Benin,BJ,Est,Cotonou,Services,Training Bootcamp,5,249,1245,Direct,School
ORD-1682,2024-04-17,Ghana,GH,Ouest,Accra,Services,Training Bootcamp,9,149,1341,Reseller,Startup
ORD-1683,2022-04-26,Benin,BJ,Nord,Cotonou,SaaS,Analytics Subscription,11,99,1089,Online,Startup
ORD-1684,2021-07-15,Benin,BJ,Ouest,Cotonou,Education,Learning Platform,2,149,298,Online,NGO
ORD-1685,2021-08-01,Senegal,SN,Centre,Dakar,Education,Learning Platform,5,199,995,Partner,NGO
ORD-1686,2022-05-22,Senegal,SN,Est,Dakar,SaaS,Analytics Subscription,12,99,1188,Reseller,Startup
ORD-1687,2021-02-28,Benin,BJ,Centre,Cotonou,SaaS,Analytics Subscription,1,249,249,Direct,SME
ORD-1688,2022-07-12,Senegal,SN,Ouest,Dakar,SaaS,Dashboard Pack,9,149,1341,Partner,Startup
ORD-1689,2024-07-16,Nigeria,NG,Centre,Lagos,Services,Data Audit,12,249,2988,Reseller,SME
ORD-1690,2022-04-11,Ghana,GH,Ouest,Accra,SaaS,Dashboard Pack,2,149,298,Direct,SME
ORD-1691,2022-09-14,Senegal,SN,Est,Dakar,SaaS,Analytics Subscription,1,49,49,Partner,SME
ORD-1692,2021-01-18,Ghana,GH,Ouest,Accra,SaaS,Dashboard Pack,12,149,1788,Reseller,SME
ORD-1693,2024-05-07,Togo,TG,Ouest,Lome,Services,Training Bootcamp,4,49,196,Direct,Startup
ORD-1694,2023-03-20,Senegal,SN,Centre,Dakar,Services,Data Audit,4,79,316,Reseller,School
ORD-1695,2023-05-15,Benin,BJ,Est,Cotonou,Education,Learning Platform,11,79,869,Direct,SME
ORD-1696,2022-01-21,Nigeria,NG,Est,Lagos,Services,Data Audit,2,79,158,Partner,SME
ORD-1697,2023-07-17,Togo,TG,Ouest,Lome,SaaS,Dashboard Pack,5,249,1245,Reseller,Startup
ORD-1698,2021-04-12,Ghana,GH,Nord,Accra,SaaS,Analytics Subscription,9,49,441,Partner,NGO
ORD-1699,2023-06-17,Ghana,GH,Est,Accra,SaaS,Analytics Subscription,12,49,588,Partner,NGO
ORD-1700,2022-03-21,Benin,BJ,Nord,Cotonou,Services,Data Audit,6,149,894,Direct,School
ORD-1701,2021-03-06,Ghana,GH,Ouest,Accra,Education,School Kit,6,49,294,Partner,NGO
ORD-1702,2024-01-18,Ghana,GH,Ouest,Accra,Education,Learning Platform,8,79,632,Partner,SME
ORD-1703,2022-05-25,Senegal,SN,Nord,Dakar,Education,Learning Platform,7,149,1043,Partner,NGO
ORD-1704,2021-07-12,Benin,BJ,Ouest,Cotonou,Education,School Kit,9,249,2241,Partner,School
ORD-1705,2021-11-21,Senegal,SN,Est,Dakar,Services,Training Bootcamp,11,249,2739,Online,NGO
ORD-1706,2022-09-04,Ghana,GH,Ouest,Accra,Education,School Kit,4,99,396,Online,Startup
ORD-1707,2023-06-09,Togo,TG,Sud,Lome,Education,School Kit,6,49,294,Partner,SME
ORD-1708,2022-05-13,Nigeria,NG,Nord,Lagos,Services,Data Audit,1,49,49,Reseller,Startup
ORD-1709,2021-11-19,Ghana,GH,Nord,Accra,SaaS,Analytics Subscription,8,49,392,Direct,NGO
ORD-1710,2021-11-12,Togo,TG,Est,Lome,Education,School Kit,12,199,2388,Online,Startup
ORD-1711,2024-02-18,Senegal,SN,Sud,Dakar,Services,Training Bootcamp,11,99,1089,Reseller,Startup
ORD-1712,2021-10-03,Togo,TG,Ouest,Lome,Services,Training Bootcamp,5,49,245,Reseller,School
ORD-1713,2024-11-28,Nigeria,NG,Est,Lagos,SaaS,Dashboard Pack,8,79,632,Partner,SME
ORD-1714,2024-05-11,Ghana,GH,Ouest,Accra,Services,Training Bootcamp,9,79,711,Online,Startup
ORD-1715,2024-01-15,Senegal,SN,Est,Dakar,Services,Training Bootcamp,6,149,894,Online,School
ORD-1716,2023-01-16,Benin,BJ,Nord,Cotonou,SaaS,Dashboard Pack,10,79,790,Direct,NGO
ORD-1717,2023-12-10,Nigeria,NG,Ouest,Lagos,SaaS,Analytics Subscription,11,149,1639,Partner,SME
ORD-1718,2022-10-22,Ghana,GH,Ouest,Accra,Education,School Kit,2,49,98,Online,NGO
ORD-1719,2022-02-18,Benin,BJ,Sud,Cotonou,Education,Learning Platform,2,149,298,Partner,NGO
ORD-1720,2023-03-07,Togo,TG,Centre,Lome,Education,School Kit,11,149,1639,Direct,NGO
ORD-1721,2021-05-26,Ghana,GH,Sud,Accra,SaaS,Dashboard Pack,1,79,79,Reseller,NGO
ORD-1722,2024-02-17,Senegal,SN,Nord,Dakar,Services,Training Bootcamp,12,149,1788,Direct,NGO
ORD-1723,2021-03-25,Nigeria,NG,Est,Lagos,SaaS,Dashboard Pack,12,49,588,Direct,NGO
ORD-1724,2021-07-27,Benin,BJ,Centre,Cotonou,Education,Learning Platform,12,79,948,Reseller,Startup
ORD-1725,2022-05-25,Benin,BJ,Centre,Cotonou,Education,School Kit,10,249,2490,Partner,School
ORD-1726,2024-10-13,Togo,TG,Centre,Lome,Services,Training Bootcamp,8,249,1992,Reseller,NGO
ORD-1727,2023-04-03,Benin,BJ,Sud,Cotonou,SaaS,Dashboard Pack,9,99,891,Partner,School
ORD-1728,2022-10-27,Ghana,GH,Est,Accra,SaaS,Dashboard Pack,6,149,894,Reseller,SME
ORD-1729,2024-01-23,Nigeria,NG,Sud,Lagos,SaaS,Dashboard Pack,4,149,596,Direct,SME
ORD-1730,2021-01-01,Senegal,SN,Ouest,Dakar,Services,Data Audit,12,49,588,Direct,NGO
ORD-1731,2021-01-14,Nigeria,NG,Sud,Lagos,Services,Training Bootcamp,5,79,395,Partner,SME
ORD-1732,2023-11-14,Togo,TG,Est,Lome,SaaS,Dashboard Pack,9,199,1791,Partner,NGO
ORD-1733,2021-11-16,Togo,TG,Ouest,Lome,Services,Training Bootcamp,3,99,297,Direct,Startup
ORD-1734,2021-07-08,Benin,BJ,Est,Cotonou,Services,Training Bootcamp,10,149,1490,Partner,NGO
ORD-1735,2023-09-27,Ghana,GH,Ouest,Accra,SaaS,Analytics Subscription,12,249,2988,Online,SME
ORD-1736,2021-06-10,Togo,TG,Centre,Lome,Services,Data Audit,1,99,99,Direct,School
ORD-1737,2024-08-29,Senegal,SN,Nord,Dakar,SaaS,Analytics Subscription,10,49,490,Reseller,NGO
ORD-1738,2022-10-16,Ghana,GH,Centre,Accra,Education,Learning Platform,9,199,1791,Partner,SME
ORD-1739,2021-04-14,Nigeria,NG,Sud,Lagos,SaaS,Analytics Subscription,11,249,2739,Reseller,School
ORD-1740,2021-07-04,Nigeria,NG,Centre,Lagos,SaaS,Dashboard Pack,4,149,596,Direct,School
ORD-1741,2021-06-19,Benin,BJ,Sud,Cotonou,Services,Training Bootcamp,8,199,1592,Online,School
ORD-1742,2023-10-25,Ghana,GH,Nord,Accra,Services,Data Audit,7,249,1743,Partner,Startup
ORD-1743,2023-09-27,Senegal,SN,Centre,Dakar,SaaS,Analytics Subscription,7,249,1743,Partner,Startup
ORD-1744,2023-05-31,Benin,BJ,Nord,Cotonou,Services,Training Bootcamp,6,249,1494,Online,NGO
ORD-1745,2022-12-15,Senegal,SN,Ouest,Dakar,Services,Training Bootcamp,4,99,396,Direct,NGO
ORD-1746,2024-06-16,Ghana,GH,Sud,Accra,Services,Training Bootcamp,8,199,1592,Partner,School
ORD-1747,2024-11-04,Togo,TG,Sud,Lome,SaaS,Analytics Subscription,6,79,474,Online,NGO
ORD-1748,2021-10-30,Togo,TG,Sud,Lome,SaaS,Dashboard Pack,5,49,245,Direct,NGO
ORD-1749,2021-02-16,Ghana,GH,Ouest,Accra,Services,Data Audit,6,79,474,Partner,Startup
ORD-1750,2024-01-29,Nigeria,NG,Centre,Lagos,Services,Training Bootcamp,8,199,1592,Partner,NGO
ORD-1751,2023-12-15,Senegal,SN,Centre,Dakar,Education,School Kit,1,99,99,Partner,NGO
ORD-1752,2024-06-19,Ghana,GH,Sud,Accra,Education,School Kit,5,49,245,Reseller,NGO
ORD-1753,2022-07-10,Togo,TG,Ouest,Lome,Education,School Kit,11,249,2739,Direct,NGO
ORD-1754,2023-03-03,Togo,TG,Est,Lome,Education,School Kit,4,149,596,Online,SME
ORD-1755,2021-06-30,Senegal,SN,Centre,Dakar,SaaS,Dashboard Pack,3,79,237,Reseller,NGO
ORD-1756,2022-09-17,Togo,TG,Sud,Lome,SaaS,Dashboard Pack,6,149,894,Reseller,Startup
ORD-1757,2022-12-22,Togo,TG,Est,Lome,Education,School Kit,6,249,1494,Direct,Startup
ORD-1758,2024-07-05,Nigeria,NG,Est,Lagos,Education,Learning Platform,5,149,745,Online,SME
ORD-1759,2023-03-16,Benin,BJ,Sud,Cotonou,Services,Training Bootcamp,11,79,869,Online,School
ORD-1760,2024-11-06,Nigeria,NG,Centre,Lagos,Education,School Kit,4,149,596,Partner,Startup
ORD-1761,2022-11-06,Senegal,SN,Est,Dakar,SaaS,Dashboard Pack,8,199,1592,Partner,Startup
ORD-1762,2024-11-01,Benin,BJ,Centre,Cotonou,SaaS,Dashboard Pack,4,79,316,Direct,Startup
ORD-1763,2024-03-02,Senegal,SN,Sud,Dakar,Education,School Kit,3,99,297,Online,NGO
ORD-1764,2021-03-02,Benin,BJ,Est,Cotonou,SaaS,Analytics Subscription,6,149,894,Reseller,SME
ORD-1765,2022-01-20,Senegal,SN,Est,Dakar,SaaS,Analytics Subscription,2,79,158,Partner,NGO
ORD-1766,2024-05-25,Nigeria,NG,Centre,Lagos,Services,Training Bootcamp,10,199,1990,Partner,Startup
ORD-1767,2021-06-12,Benin,BJ,Nord,Cotonou,Services,Training Bootcamp,12,149,1788,Partner,School
ORD-1768,2023-10-04,Ghana,GH,Sud,Accra,Services,Data Audit,8,79,632,Partner,Startup
ORD-1769,2021-01-31,Benin,BJ,Nord,Cotonou,Services,Data Audit,5,149,745,Partner,Startup
ORD-1770,2023-06-19,Benin,BJ,Nord,Cotonou,SaaS,Analytics Subscription,10,149,1490,Direct,School
ORD-1771,2021-03-27,Benin,BJ,Ouest,Cotonou,Services,Data Audit,10,249,2490,Reseller,SME
ORD-1772,2024-03-17,Senegal,SN,Centre,Dakar,Education,School Kit,10,199,1990,Online,NGO
ORD-1773,2022-05-19,Senegal,SN,Ouest,Dakar,Education,Learning Platform,9,199,1791,Reseller,NGO
ORD-1774,2024-07-15,Nigeria,NG,Ouest,Lagos,SaaS,Dashboard Pack,1,79,79,Direct,School
ORD-1775,2023-08-03,Senegal,SN,Est,Dakar,Services,Training Bootcamp,3,149,447,Direct,NGO
ORD-1776,2024-08-16,Nigeria,NG,Sud,Lagos,Services,Data Audit,8,49,392,Online,Startup
ORD-1777,2023-03-17,Nigeria,NG,Centre,Lagos,SaaS,Analytics Subscription,7,99,693,Reseller,NGO
ORD-1778,2024-12-30,Benin,BJ,Ouest,Cotonou,SaaS,Dashboard Pack,4,149,596,Online,SME
ORD-1779,2021-09-11,Ghana,GH,Sud,Accra,Education,School Kit,2,49,98,Reseller,SME
ORD-1780,2023-02-26,Togo,TG,Centre,Lome,Education,School Kit,12,199,2388,Partner,School
ORD-1781,2021-12-16,Nigeria,NG,Ouest,Lagos,Education,Learning Platform,6,199,1194,Partner,Startup
ORD-1782,2021-04-16,Benin,BJ,Sud,Cotonou,Education,School Kit,7,99,693,Direct,School
ORD-1783,2021-09-27,Ghana,GH,Sud,Accra,Education,Learning Platform,4,49,196,Direct,NGO
ORD-1784,2024-01-19,Senegal,SN,Ouest,Dakar,Services,Data Audit,1,199,199,Reseller,Startup
ORD-1785,2023-09-02,Benin,BJ,Centre,Cotonou,Education,School Kit,8,149,1192,Reseller,NGO
ORD-1786,2022-05-17,Nigeria,NG,Centre,Lagos,Education,Learning Platform,9,99,891,Partner,NGO
ORD-1787,2024-08-30,Benin,BJ,Sud,Cotonou,Education,Learning Platform,6,49,294,Partner,NGO
ORD-1788,2022-11-10,Nigeria,NG,Centre,Lagos,Services,Training Bootcamp,2,49,98,Online,School
ORD-1789,2022-08-06,Benin,BJ,Sud,Cotonou,Education,School Kit,10,249,2490,Partner,School
ORD-1790,2021-07-10,Nigeria,NG,Est,Lagos,Education,Learning Platform,5,99,495,Direct,School
ORD-1791,2021-05-13,Togo,TG,Ouest,Lome,SaaS,Dashboard Pack,5,149,745,Partner,NGO
ORD-1792,2023-04-28,Ghana,GH,Est,Accra,SaaS,Dashboard Pack,9,79,711,Partner,NGO
ORD-1793,2024-07-12,Togo,TG,Centre,Lome,Education,School Kit,9,49,441,Reseller,SME
ORD-1794,2022-06-16,Senegal,SN,Centre,Dakar,Services,Training Bootcamp,9,199,1791,Direct,Startup
ORD-1795,2023-12-01,Nigeria,NG,Centre,Lagos,Services,Data Audit,12,249,2988,Reseller,School
ORD-1796,2024-12-22,Benin,BJ,Centre,Cotonou,SaaS,Analytics Subscription,5,79,395,Online,NGO
ORD-1797,2021-08-30,Togo,TG,Ouest,Lome,Education,School Kit,12,79,948,Reseller,School
ORD-1798,2024-02-22,Togo,TG,Est,Lome,Services,Training Bootcamp,11,79,869,Online,Startup
ORD-1799,2022-09-23,Ghana,GH,Est,Accra,Education,Learning Platform,5,199,995,Direct,NGO
ORD-1800,2023-03-23,Togo,TG,Est,Lome,Services,Training Bootcamp,12,199,2388,Online,Startup
